com.samsung.health.exercise.distance,com.samsung.health.exercise.mean_speed,com.samsung.health.exercise.mean_heart_rate,sleep_duration,physical_recovery,temperature_2m,relative_humidity_2m,sleep_score,mental_recovery,weather_impact,distancia_velocidade,physical_effort,distance_speed_ratio
-1.0611868356553595,-1.8423618891666231,-1.0766646164786788,0.5342487647263376,-0.07179581586177393,0.1706559442494954,-0.9976665008856549,-0.09628744357938918,1.0497227321011906,-0.1009937676771722,-0.9608588075107122,-1.7896197412405954,-0.12563466308483517
-0.1947582335508509,-1.8033723203363674,0.6014886125579214,0.5342487647263376,-0.07179581586177393,0.1706559442494954,-0.9976665008856549,-0.09628744357938918,1.0497227321011906,-0.1009938561555512,-0.8861024962884515,-1.7916634341844535,0.03724137916333684
-1.078157162109214,-0.33476955115882023,-2.4300139947340016,0.5342487647263376,-0.07179581586177393,0.1706559442494954,-0.9976665008856549,-0.09628744357938918,1.0497227321011906,-0.10099422235166192,-0.8423624205266028,0.3202978516499967,-0.17621446607924343
-1.2344885789874012,-0.21644473905476455,-1.7262723180412338,1.0456811035618645,1.0589882839611635,1.1247258122852277,0.13688468263587514,0.7011043895609544,-0.03765821460452698,-0.10099421961327658,-0.9367075178603762,0.23032025411138177,-0.18045852706880733
-1.2005248627985055,0.22328971833466568,0.6556225876881343,1.0456811035618645,1.0589882839611635,1.1247258122852277,0.13688468263587514,0.7011043895609544,-0.03765821460452698,-0.10099423110883957,-0.8989750624334322,0.06263941569380269,-0.18007399620059084
-1.2948870639148125,-2.0284661302002025,-4.757774925333157,1.0456811035618645,1.0589882839611635,2.6220847853332945,-3.266768867928715,0.7011043895609544,-0.03765821460452698,9.692670032810897,-0.9767858830598322,-1.9989529761274416,-0.017289809755417083
-0.4858611478973223,0.1852102904810326,0.38495271203706977,0.23203874632352622,-0.01794895396544358,0.6079383756706794,0.6411296530898885,0.04869288971885513,-0.5813486879573858,-0.10099422944118312,-0.32094693199691665,0.08845634426422891,-0.1655626898360953
-0.4858611478973223,0.1852102904810326,0.38495271203706977,-1.945423181142884,-2.4410577393003097,0.6079383756706794,0.6411296530898885,-1.1836399433162215,1.1273927997230275,-0.10099422944118312,-0.32094693199691665,0.08845634426422891,-0.1655626898360953
-1.2462872680994834,-0.22815255449333074,0.060148861255792295,0.23203874632352622,-0.01794895396544358,1.1247258122852277,-0.11523780259113153,0.04869288971885513,-0.5813486879573858,-0.10099422025349741,-0.944745091666273,-0.23806296177942105,-0.18074272995977453
-1.2462872680994834,-0.22815255449333074,0.060148861255792295,-1.945423181142884,-2.4410577393003097,1.1247258122852277,-0.11523780259113153,-1.1836399433162215,1.1273927997230275,-0.10099422025349741,-0.944745091666273,-0.23806296177942105,-0.18074272995977453
-0.5339602277395306,0.20331219052598326,0.33081873690685687,0.8907016069450382,-0.2871832634470954,0.157405507579603,0.13688468263587514,-0.24126777687763348,-1.0473690936884075,-0.10099423219090131,-0.3548944289000356,0.11820330263795031,-0.16666221068311732
-0.8371683300664795,0.11697441408075357,-0.10225306413484644,0.3870182429403526,-0.2871832634470954,0.024895840493992245,0.6411296530898885,-0.16877761022851132,-0.5813486879573858,-0.10099422882584956,-0.6171725337692475,0.139350524554917,-0.17238518085876794
-0.71781220835734,0.0034858308323694916,-0.372922939785911,0.9449444307609274,0.7359071125831814,0.09115067403679764,0.8932521383168951,1.0635552228065652,1.4380730702103754,-0.10099422503291948,-0.5473817491018055,0.09242223333600574,-0.16921637611374185
-0.7731373783522465,0.012354752659520303,-0.3187889646556981,0.2165407966618436,-0.5564175729287472,0.6344397790491331,0.2629459252493785,-0.24126777687763348,0.11768192063914695,-0.10099422659633063,-0.5868549230565213,0.08791088850035719,-0.17048754511411868
-0.1427474998337779,0.2568277692507736,0.4932206622974956,1.1154218770394364,0.3589790793088689,0.5416835421278741,0.2629459252493785,-0.09628744357938918,-0.34833848509187487,-0.10099423228757916,-0.01258442456409161,0.13048652501135014,-0.15934276679299292
-0.9450880989495404,-1.7950811981101882,0.22255078664643105,1.1154218770394364,0.3589790793088689,0.5416835421278741,0.2629459252493785,-0.09628744357938918,-0.34833848509187487,-0.10099382617656914,-0.9468899600124966,-1.7748544936027084,-0.11473382166359791
-0.8365996381067047,0.18502177714258528,-0.21052101439527227,0.4025161926020352,-0.07179581586177393,-0.014857059631690608,0.3890071678628818,-0.8211891100706107,-0.5813486879573858,-0.10099423124676704,-0.6053056335300692,0.2354551679838762,-0.17266780675533536
-0.015140792744512556,0.2210455923014336,0.38495271203706977,-1.7284518858793272,-1.3641205013737026,0.3296678097715631,0.2629459252493785,0.04869288971885513,0.7390424616138427,-0.1009942318803318,0.07743779631487986,0.12224761670138742,-0.15643899925881455
-0.015140792744512556,0.2210455923014336,0.38495271203706977,-0.9225585034718301,-1.0410393299957204,0.3296678097715631,0.2629459252493785,-1.908541609807443,-2.989120784234332,-0.1009942318803318,0.07743779631487986,0.12224761670138742,-0.15643899925881455
-0.7121410688993515,-1.8325491569211572,-0.5894588403067627,-1.7284518858793272,-1.3641205013737026,0.3296678097715631,0.2629459252493785,0.04869288971885513,0.7390424616138427,-0.10099374343679247,-0.934976669967112,-1.7918931978444765,-0.048552915123964306
-0.7121410688993515,-1.8325491569211572,-0.5894588403067627,-0.9225585034718301,-1.0410393299957204,0.3296678097715631,0.2629459252493785,-1.908541609807443,-2.989120784234332,-0.10099374343679247,-0.934976669967112,-1.7918931978444765,-0.048552915123964306
-1.0816275789992804,-0.1531774594999246,-1.1849325667391046,0.08480822453754118,-0.17948953965443465,0.28991517466521377,0.5150684104763852,0.6286142229118323,0.35069212350465784,-0.10099422167290338,-0.8303332719282928,0.14097419838498795,-0.1768531913677794
-0.12425499682163606,0.2705720084674871,0.6014886125579214,0.9139485314375622,0.7359071125831814,0.5019301119635223,0.010823440022371806,0.19367322301709944,-0.11532828222636395,-0.1009942334249174,0.008783550368833732,0.11823790958448457,-0.15911719457035647
-1.0740792098384282,0.1184261977644984,-1.1307985916088918,0.9139485314375622,0.7359071125831814,1.5355060452699547,-1.6279727139531714,0.19367322301709944,-0.11532828222636395,-0.100994234135414,-0.8031876044282389,0.4332813538439322,-0.17734073729098906
-0.13603305036634133,0.3101595430286989,0.5473546374277085,0.44901004158708313,0.7359071125831814,0.5549345088364354,0.7671908957033918,-0.8936792767197328,-0.4260085527137118,-0.10099423174616945,0.01566740663592272,0.16736269761921704,-0.1597296316813078
-1.1509503398888348,0.2243770902774534,-1.022530641348466,0.44901004158708313,0.7359071125831814,0.5549345088364354,0.7671908957033918,-0.8936792767197328,-0.4260085527137118,-0.10099422996671135,-0.8580387271270873,0.5171117375802771,-0.17908799266876413
-1.2948870639148125,-2.0284661302002025,-5.244980701505074,0.813211858636625,0.7897539744795118,0.7536990094648515,-1.8800951991801782,0.04869288971885513,-0.5813486879573858,10.102128210447493,-0.9767858830598322,-1.9989529761274416,-0.017289809755417083
-1.2389737802496588,-0.9465920785418426,-2.5924159201246404,0.5032528654029723,-0.17948953965443465,0.3959226433143685,0.2629459252493785,-0.16877761022851132,-0.5036786203355488,-0.10099418137504819,-0.9546339140031789,-0.47781491852589497,-0.1796355627274514
-0.6501372582156922,-2.0261823826076175,0.006014886125579383,-0.00043049860171330865,-0.07179581586177393,-0.34613122734571755,0.8932521383168951,0.6286142229118323,1.3604030025885385,-0.10094739063551805,-0.9762466705543393,-1.9967052775527332,12.479786486818425
0.7131545351946013,0.2616135383626949,0.4932206622974956,1.1929116253478496,1.5436100410281368,-0.04135899304881314,0.7671908957033918,0.12118305636797728,-2.6784405137469838,-0.10099423166028834,0.7072212625971991,0.13494591021020944,-0.1426280991159169
0.8343599678978001,0.2871934302913138,0.4932206622974956,0.9216975062684035,1.4897631791318064,-2.055505932750097,0.7671908957033918,0.48363388961358805,-0.1929983498482009,-0.10099423519983956,0.8288134901379607,0.15878128312252854,-0.1407150486788806
-0.22345016920334998,-2.00570301132632,0.38495271203706977,0.44126106675624177,0.3589790793088689,-0.6906563617683057,0.010823440022371806,0.12118305636797728,-0.1929983498482009,-0.10098991015862964,-0.9678544942296411,-1.9774882552429396,1.9290313488829012
0.14147527357778786,-1.7968537742845707,0.276684761776644,1.3633890716263586,1.0589882839611635,-0.915922795813844,0.5150684104763852,0.2661633896662216,-0.03765821460452698,-0.10099383663103559,-0.8549580928955699,-1.7779043956895229,0.09617959293101562
-0.7969502161769662,0.26184105139745634,0.060148861255792295,1.3633890716263586,1.0589882839611635,-0.915922795813844,0.5150684104763852,0.2661633896662216,-0.03765821460452698,-0.10099423379597658,-0.5591588201597468,0.24120068392668237,-0.17220284210507483
-0.16224507636287494,0.22930606556353925,0.33081873690685687,0.44901004158708313,-0.07179581586177393,-0.21362156026010676,0.3890071678628818,0.3386535563153437,-0.2706684174700379,-0.10099423247909091,-0.04031687132802472,0.142862156626324,-0.15945445114169327
-0.7029612760588039,0.10894847202199431,-0.048119089004633527,0.6814792865123226,1.274375731546485,-0.7569111953111111,0.7671908957033918,-0.24126777687763348,-2.290090175637799,-0.10099422947954989,-0.5134705572351983,0.11795314168771232,-0.16953322512580668
-0.8104822929487249,-1.801617778190121,-0.26465498952548516,0.5962405633730682,0.7897539744795118,-0.3991353591992961,-0.6194827730451449,-0.02379727693026702,-0.6590187555792227,-0.1009938559713947,-0.9365452620896031,-1.7684832526669978,-0.08618484858870233
0.7233205867700837,0.2946877682891546,0.7638905379485602,1.2161585498403735,1.0589882839611635,-0.4918918611398896,0.6411296530898885,0.3386535563153437,0.8167125292356797,-0.10099423339710661,0.7401910569252519,0.10355999031066983,-0.142991708434434
-0.31701729404718637,0.28039371330823254,0.006014886125579383,0.08480822453754118,0.4128259412051993,-2.2675211350677396,0.8932521383168951,0.5561240562627102,0.8943825968575166,-0.10099423499260994,-0.14998825083860617,0.2734614519398192,-0.16295867391917235
-0.3371041981034352,-1.7990503722140945,0.33081873690685687,0.4102651674328765,0.30513221741253854,-2.4000308021533505,0.6411296530898885,0.9910650561574431,1.5934132054540493,-0.10099385086520477,-0.896320155576573,-1.7813197963634366,0.00528461134021096
-1.102421554702421,0.30044968469742817,0.7638905379485602,-0.4886159129447163,0.46667280310152964,-2.3205252669213183,0.3890071678628818,-0.7486989434214886,-1.4357194317975923,-0.10099423702785197,-0.812641004683095,0.10877467021965255,-0.17824705469724134
-1.102421554702421,0.30044968469742817,0.7638905379485602,-1.4494887919690398,-1.3102736394773722,-2.3205252669213183,0.3890071678628818,-1.038659610017977,0.7390424616138427,-0.10099423702785197,-0.812641004683095,0.10877467021965255,-0.17824705469724134
-0.3770358417634782,0.15449025634573915,0.11428283638600521,-0.4653689884521924,0.682060250686851,-2.0422549660415354,0.6411296530898885,-0.6037186101232442,-1.0473690936884075,-0.10099423296964925,-0.24305299999523283,0.12302071335212551,-0.1630962171801075
0.6964828175392622,0.31328769179090815,0.6014886125579214,-1.7439498355410097,-0.44872384913608643,-1.618224031367581,0.7671908957033918,-0.3862481101758778,-0.5036786203355488,-0.10099423503323793,0.7309228738770065,0.15757490616937497,-0.1438151618759619
0.6964828175392622,0.31328769179090815,0.6014886125579214,-0.42662411429798575,-0.6102644348250775,-1.618224031367581,0.7671908957033918,-0.8936792767197328,0.11768192063914695,-0.10099423503323793,0.7309228738770065,0.15757490616937497,-0.1438151618759619
0.3785093598255468,0.35593292691574835,0.5473546374277085,-2.3251229478541084,-2.0102828441296667,-3.0493283563863773,0.3890071678628818,-1.038659610017977,0.35069212350465784,-0.10099423905447892,0.4843762588888955,0.20976349740947586,-0.15047810913346224
0.3785093598255468,0.35593292691574835,0.5473546374277085,0.2707836204777328,0.7897539744795118,-3.0493283563863773,0.3890071678628818,0.3386535563153437,-0.2706684174700379,-0.10099423905447892,0.4843762588888955,0.20976349740947586,-0.15047810913346224
-0.42547176689669497,0.19950185800979797,0.38495271203706977,0.813211858636625,0.9512945601685028,-0.18711962684298517,-1.6279727139531714,0.12118305636797728,-1.9017398375286143,-0.10099423843573208,-0.2674419525056657,0.10193272725491537,-0.16445219882136936
0.3971535949507556,0.36126176013602435,0.7638905379485602,1.1464177763628016,1.3820694553391457,-2.1615136664185854,-0.4934215304316415,0.48363388961358805,-0.03765821460452698,-0.10099424054893508,0.5039577717544577,0.16381113474694944,-0.1501983937028403
-1.004301252609673,-0.005121108980134182,-0.21052101439527227,0.9449444307609274,0.08974476982721713,-0.8099147971260212,-0.24129904520463485,-0.16877761022851132,1.1273927997230275,-0.10099423044922788,-0.7614754952212817,0.043515193119744035,-0.175512408773909
-0.15125420902076075,0.17351118112501487,0.5473546374277085,0.619487487865592,0.08974476982721713,-1.5387179660968804,0.13688468263587514,0.19367322301709944,0.11768192063914695,-0.10099423424100637,-0.05459654524629211,0.04078259051937417,-0.15866050358521896
-1.0007355479526008,0.10173699286940154,0.11428283638600521,0.619487487865592,0.08974476982721713,-1.5387179660968804,0.13688468263587514,0.19367322301709944,0.11768192063914695,-0.10099423275047617,-0.7473228438890563,0.07174115604127426,-0.17576044048834913
-1.2381677792650474,0.11989796990307391,-2.863085795775705,0.619487487865592,0.08974476982721713,-1.565220164533337,0.2629459252493785,0.19367322301709944,0.11768192063914695,-0.10099423275125295,-0.9321628316580184,1.1628445780227792,-0.18076937158995385
-1.281344062430913,-0.3200687977502771,-1.2932005169995304,0.45675901641792443,0.1435916317235475,-0.6641544283511837,0.3890071678628818,-0.3137579435267556,-0.2706684174700379,-0.10099421860317989,-0.9683131320469321,-0.020799759561446002,-0.18159789995813141
-0.7036914109868818,0.31552408895493905,0.33081873690685687,0.45675901641792443,0.1435916317235475,-0.6641544283511837,0.3890071678628818,-0.3137579435267556,-0.2706684174700379,-0.10099423483896496,-0.46931905280297664,0.2246521031773095,-0.17064178654298084
-1.2879292361380166,-1.7939876075370087,-2.808951820645492,0.45675901641792443,0.1435916317235475,-0.6641544283511837,0.3890071678628818,-0.3137579435267556,-0.2706684174700379,-0.10099384222836705,-0.976188438821463,-1.657060720121393,-0.18062260523373846
-1.2009011584389115,1.450605008757927,-2.267612069343363,0.6504833871889574,1.3282225934428153,-1.1279382631508212,0.2629459252493785,0.12118305636797728,-2.6784405137469838,-0.10099424980479982,-0.8570438376560446,2.643967574900708,-0.1807418567131904
2.1570870912723357,0.02842031776390069,-0.048119089004633527,0.7124751858356879,0.682060250686851,-2.0422549660415354,0.8932521383168951,-0.16877761022851132,-0.11532828222636395,-0.10099422928489481,1.623364613739502,0.038197654741899977,-0.10668593025197655
-1.205352371707842,0.692191684363298,-3.2420236216871956,0.7124751858356879,0.682060250686851,-1.9892510992072914,0.7671908957033918,-0.16877761022851132,-0.11532828222636395,-0.10099424155774396,-0.8875815601699284,2.285386474986896,-0.18047749343764038
-1.0752432986098774,0.6213995066841206,0.7097565628183472,0.007318476229128009,0.7359071125831814,-0.16061822346453153,-0.4934215304316415,0.3386535563153437,-0.11532828222636395,-0.10099424164870945,-0.7636466656569123,0.4131047678890355,-0.17823597862058937
-1.0752432986098774,0.6213995066841206,0.7097565628183472,-2.3948637213316806,-2.764138910678292,-0.16061822346453153,-0.4934215304316415,-2.0535219431056873,0.35069212350465784,-0.10099424164870945,-0.7636466656569123,0.4131047678890355,-0.17823597862058937
0.9211816899231342,0.5010901519469003,0.43908668716728266,0.8442077579599903,0.3589790793088689,-0.38588412747140133,-0.11523780259113153,-0.5312284434741221,-1.2027092289320815,-0.1009942391143022,1.0760215449658914,0.3721205166516817,-0.1426627853421425
-1.150229915815993,0.25874061995927894,-0.21052101439527227,0.9294464810992448,0.46667280310152964,-0.0016063579424637868,-0.11523780259113153,-0.6037186101232442,-0.11532828222636395,-0.10099423435947974,-0.8556240162241916,0.3098707463196168,-0.17911691721930606
-1.1486931729748515,0.6829478679611012,1.1428283638600505,-0.9768013272877193,-1.5795079489590238,0.27666420795665253,-1.2497889861126614,-0.6762087767723663,-0.34833848509187487,-0.10099424396215645,-0.8316263066559231,0.3600430498947872,-0.17953527763947325
-1.1486931729748515,0.6829478679611012,1.1428283638600505,-1.6897070117251205,-1.741048534648015,0.27666420795665253,-1.2497889861126614,-0.966169443368855,-0.11532828222636395,-0.10099424396215645,-0.8316263066559231,0.3600430498947872,-0.17953527763947325
-0.13999750701655336,0.6671585877212689,0.6556225876881343,0.34052439395530465,0.2512853555162082,-0.8364169955624777,0.2629459252493785,0.04869288971885513,-2.0570799727722884,-0.10099424109530539,0.16325524099898903,0.4690230317013394,-0.16273883233653424
-0.13999750701655336,0.6671585877212689,0.6556225876881343,-2.402612696162522,-2.764138910678292,-0.8364169955624777,0.2629459252493785,-2.0535219431056873,0.35069212350465784,-0.10099424109530539,0.16325524099898903,0.4690230317013394,-0.16273883233653424
0.47189440613370287,0.7263673225697154,1.1969623389902635,0.3172774694627807,0.52051966499786,0.18390744099672554,-0.6194827730451449,-0.16877761022851132,-0.5813486879573858,-0.10099424295176648,0.8055880302503191,0.3846499529046981,-0.15319019307350232
-1.1101829557500194,0.6550730349051919,0.38495271203706977,0.3172774694627807,0.52051966499786,0.18390744099672554,-0.6194827730451449,-0.16877761022851132,-0.5813486879573858,-0.10099424200791034,-0.7952739731877491,0.5315183305837878,-0.1788665561111186
0.1993610747128113,0.7396580459557155,1.1428283638600505,0.6582323620197987,0.5743665268941903,0.18390744099672554,0.13688468263587514,0.19367322301709944,-1.1250391613102446,-0.10099424112627936,0.5379221382125292,0.40938228197628734,-0.15774384046942824
-0.9190897117682049,-1.7624419169608436,0.006014886125579383,0.689228261343164,0.2512853555162082,0.157405507579603,-0.8716052582721515,-0.09628744357938918,0.4283621911264948,-0.10099391784546737,-0.9401762381447288,-1.7371279623311233,-0.11859814930962741
0.5363629532620209,0.7012858982857846,0.33081873690685687,0.9681913552534513,0.682060250686851,-0.915922795813844,-0.4934215304316415,-0.6762087767723663,-1.2027092289320815,-0.10099424368800283,0.8538057479240148,0.5906015476843924,-0.15186671893184375
-1.1588452651959318,0.46943456928795513,-1.618004367780808,0.6814792865123226,1.2205288696501546,-0.2931278905501423,0.3890071678628818,0.3386535563153437,0.6613723939920058,-0.1009942370117419,-0.8523435431974343,1.0268578164788107,-0.1795108574861014
0.43229839390776387,-1.750651660250798,0.7638905379485602,0.8054628838057837,0.5743665268941903,-0.4918918611398896,-1.754033956566675,0.5561240562627102,1.1273927997230275,-0.10099396447512567,-0.8010686045503603,-1.7475238625794438,0.09687328470518289
-0.1558389465491903,0.7176362766621076,0.7097565628183472,-0.7210851578699559,-0.3410301253434257,-0.9556756959395273,0.3890071678628818,-0.5312284434741221,-0.34833848509187487,-0.10099424159803311,0.1686728106503211,0.5007049250643518,-0.1633507458338428
-0.1558389465491903,0.7176362766621076,0.7097565628183472,-1.5967193137550246,-2.225670291714988,-0.9556756959395273,0.3890071678628818,-1.1111497766670992,0.7390424616138427,-0.10099424159803311,0.1686728106503211,0.5007049250643518,-0.1633507458338428
-0.9363537915929572,0.7253739407834202,0.16841681151621812,-0.7210851578699559,-0.3410301253434257,-0.9556756959395273,0.3890071678628818,-0.5312284434741221,-0.34833848509187487,-0.10099424170165969,-0.6152188601388254,0.6615335323842493,-0.17611439577988786
-0.9363537915929572,0.7253739407834202,0.16841681151621812,-1.5967193137550246,-2.225670291714988,-0.9556756959395273,0.3890071678628818,-1.1111497766670992,0.7390424616138427,-0.10099424170165969,-0.6152188601388254,0.6615335323842493,-0.17611439577988786
-1.0615194324472021,0.6571891459899307,-0.6435928154369756,-0.00043049860171330865,-0.39487698723975606,0.4621774768571739,-0.9976665008856549,-0.16877761022851132,-0.1929983498482009,-0.10099424270528867,-0.7472706481076943,0.8586277099196331,-0.17805633832925624
0.1788887710893725,0.788322648787048,0.9804264384694118,0.29403054497025677,-0.12564267775810428,-0.08111189317449599,-1.5019114713396682,-0.24126777687763348,0.11768192063914695,-0.1009942463486237,0.5434337838537749,0.4930251735189287,-0.15848805925859022
-1.120850937155527,0.6995654697691157,-1.9428082185620854,0.29403054497025677,-0.12564267775810428,-0.08111189317449599,-1.5019114713396682,-0.24126777687763348,0.11768192063914695,-0.10099424530326036,-0.8029219741923481,1.4655238586455233,-0.17909228226746834
0.39817141396520833,0.27075146037307785,0.11428283638600521,0.5652446640497029,0.5743665268941903,0.5681849455063277,0.6411296530898885,0.3386535563153437,0.2730220558828209,-0.10099423132568125,0.4487319860657529,0.23603406422515139,-0.14892848094217023
-1.2835162593615788,0.46102165074367435,-0.6977267905671884,0.19329387216931962,-0.2871832634470954,0.8067028762990955,0.6411296530898885,-0.24126777687763348,0.19535198826098393,-0.10099423459664679,-0.9664196295101041,0.6679217434332552,-0.18174858213023334
0.012905977963226048,0.6137309581977335,0.43908668716728266,0.6814792865123226,0.7897539744795118,0.23691077779230077,0.8932521383168951,0.9910650561574431,2.0594336111850713,-0.10099423718515534,0.28860547867598185,0.47770410528008733,-0.15975490677126872
-1.1425807965320645,0.5865442610134609,0.22255078664643105,0.6039895382039094,0.3589790793088689,0.25016227453953094,-0.8716052582721515,0.04869288971885513,-0.1929983498482009,-0.10099424166843031,-0.8309340716568814,0.512005444407473,-0.17934130096939607
0.11647710448578945,0.8001212562293339,0.7097565628183472,0.9371954559300861,0.8974476982721724,0.157405507579603,-0.6194827730451449,-0.24126777687763348,-1.3580493641757554,-0.100994243910672,0.4851533501767034,0.5757874239506355,-0.15957550788439648
-1.2014346485484546,0.17307809793701734,-2.5924159201246404,0.9371954559300861,0.8974476982721724,0.157405507579603,-0.6194827730451449,-0.24126777687763348,-1.3580493641757554,-0.10099423406498688,-0.9014436342794866,1.096465299021342,-0.18004966479299142
-0.14781171083949887,-1.7512681930353524,0.4932206622974956,0.23978772115436753,0.5743665268941903,0.28991517466521377,-0.3673602878181382,-0.7486989434214886,-0.11532828222636395,-0.10099391743276978,-0.8603457814595424,-1.7406596173717779,0.0036355672849148328
0.10165287703915304,0.7884351171595619,0.6014886125579214,0.3637713184478286,0.03589790793088678,0.40917387504226327,0.6411296530898885,0.9910650561574431,0.9720526644793536,-0.10099424018752376,0.46382143468990544,0.5951395474166808,-0.15971869233248545
0.11144323990268189,-1.803451918805382,-0.048119089004633527,0.7124751858356879,0.7359071125831814,0.9789654435103902,0.5150684104763852,1.426006056052176,1.5934132054540493,-0.10099379441256062,-0.8609033668852805,-1.7760977751749356,0.0983495133614039
-1.1863846437175747,0.5703381548622267,0.22255078664643105,0.8907016069450382,1.2205288696501546,0.5284323103999793,0.13688468263587514,1.353515889403054,-0.5813486879573858,-0.10099423823199258,-0.8735255234896622,0.49644418360283127,-0.18008095460020337
0.0897036696709083,-1.74929164578412,1.0886943887298377,0.17004694767679568,-0.6102644348250775,1.495752615105603,-0.3673602878181382,-1.6910711098600766,0.2730220558828209,-0.10099390498021875,-0.8352333071434065,-1.7547150138298677,0.04047790534525276
0.10782655325561918,0.7248821359570091,0.7638905379485602,0.5962405633730682,-0.233336401550765,0.8597064781140062,-0.3673602878181382,0.7735945562100767,-0.34833848509187487,-0.10099424141079749,0.43754425022392646,0.4928967607667543,-0.15910490674584538
0.3404956100746695,0.617103943322224,0.5473546374277085,0.689228261343164,0.8436008363758422,-0.04135899304881314,-1.754033956566675,1.2085355561048094,-0.6590187555792227,-0.10099424491315354,0.6075939103331078,0.4516914266400366,-0.15422978085064892
-0.5501894945531665,0.6516411504671337,0.060148861255792295,-1.093035949750339,-0.39487698723975606,0.5681849455063277,-0.24129904520463485,-0.8211891100706107,0.2730220558828209,-0.10099424043217727,-0.2458946573328716,0.6224648766238678,-0.1694917088601893
-0.5501894945531665,0.6516411504671337,0.060148861255792295,-2.2941270485307435,-2.7102920487819615,0.5681849455063277,-0.24129904520463485,-2.3434826097021757,0.7390424616138427,-0.10099424043217727,-0.2458946573328716,0.6224648766238678,-0.1694917088601893
0.44138775440892364,0.751681412467875,0.6014886125579214,0.7667180096515771,0.52051966499786,1.4427492783100277,-0.8716052582721515,0.9185748895083209,0.11768192063914695,-0.1009942423643445,0.79090753382197,0.5612929542346814,-0.15394421785203316
-0.5369578473652803,0.627454409421423,-0.15638703926505937,0.7744669844824185,0.7897539744795118,0.9392125433847064,0.7671908957033918,1.0635552228065652,1.6710832730758862,-0.10099423682641602,-0.23962147309086604,0.6649927682299488,-0.16915478945788834
-0.5467676319392817,0.8327838128238592,-0.3187889646556981,0.1313020735225891,0.682060250686851,0.6741932092134848,0.6411296530898885,-0.8936792767197328,-0.5036786203355488,-0.1009942404591798,-0.19290988659736558,0.9268496574668784,-0.17022701096679263
0.47986641135423797,0.7631138314176633,0.8180245130787731,0.20104284700016095,0.4128259412051993,1.1247258122852277,-0.8716052582721515,-1.2561301099653437,-0.34833848509187487,-0.10099424290810381,0.8375126143323846,0.513060551625858,-0.15344073726003687
0.47986641135423797,0.7631138314176633,0.8180245130787731,-2.697073739734492,-0.6102644348250775,1.1247258122852277,-0.8716052582721515,-1.6185809432109544,0.35069212350465784,-0.10099424290810381,0.8375126143323846,0.513060551625858,-0.15344073726003687
-0.5408118430371797,-1.7505044563856673,0.38495271203706977,0.8287098082983076,0.7359071125831814,0.40917387504226327,0.010823440022371806,0.9910650561574431,-1.5133894994194295,-0.10099390699487372,-0.9000284890480157,-1.7368461102768429,-0.060284406397530764
0.4181873073925419,0.733588751530935,0.276684761776644,0.46450799124876574,0.3589790793088689,0.2236603411224084,0.2629459252493785,0.9910650561574431,0.11768192063914695,-0.10099424066078179,0.7559371755387445,0.6371253465709051,-0.154137461549134
-0.18727116416367764,-1.7586361151610865,0.276684761776644,0.7279731354973705,0.30513221741253854,0.3826719416251417,0.2629459252493785,0.7735945562100767,-0.34833848509187487,-0.10099388931531228,-0.8673398380482458,-1.7414298334257388,0.0021446227571421898
0.15704784380607023,0.5160516436440122,0.6014886125579214,0.24753669598520886,1.0051414220648331,1.2704867110987332,-0.8716052582721515,-0.8936792767197328,-1.3580493641757554,-0.10099423925528317,0.37613770583234635,0.34430081714669386,-0.15636215469220394
-1.2871760379287525,0.6434245629680785,-0.26465498952548516,0.6039895382039094,0.3589790793088689,0.7536990094648515,-0.11523780259113153,0.7011043895609544,-0.03765821460452698,-0.10099423972925459,-0.9692410178178942,0.7155913602742622,-0.18182399738452992
-1.1308258062685452,0.632991477922246,0.9804264384694118,0.5574956892188615,0.7359071125831814,0.872957709841901,0.5150684104763852,0.8460847228591988,-2.0570799727722884,-0.10099423769159616,-0.8168867081079224,0.35560561027668747,-0.17918880167468207
-0.5493513263605849,-1.7738269854820774,0.060148861255792295,0.7047262110048466,0.8436008363758422,0.8067028762990955,-0.3673602878181382,1.0635552228065652,-0.34833848509187487,-0.10099387839516237,-0.9072651622003683,-1.7498899610800704,-0.05064470918289858
0.9361024189936812,-1.772097229019821,0.7638905379485602,0.5342487647263376,0.19743849361987784,0.8994591132203547,-0.9976665008856549,1.0635552228065652,0.35069212350465784,-0.10099389779766883,-0.7673343717754713,-1.7669326440806739,0.20833210196594343
-0.5279528499189857,0.6413430985383795,0.43908668716728266,0.12355309869174777,0.19743849361987784,0.9259613116568116,0.13688468263587514,0.8460847228591988,0.35069212350465784,-0.10099423878498485,-0.22696250629937426,0.5035862785697961,-0.16907009933467487
-1.1823151884451204,0.667565463824044,0.22255078664643105,0.689228261343164,-0.12564267775810428,0.8067028762990955,0.5150684104763852,0.7011043895609544,1.3604030025885385,-0.10099423830004584,-0.8656445728525951,0.5898027916465718,-0.1800807861277768
-0.5191754506422915,0.6070927479296839,0.11428283638600521,0.4800059409104484,-0.3410301253434257,0.7934516445712009,0.3890071678628818,0.48363388961358805,0.5060322587483318,-0.10099423774502858,-0.22811033444994566,0.5629793789733251,-0.1687533111498269
0.9340437176835894,-2.0027082077672254,0.7097565628183472,1.6113562662132808,0.9512945601685028,1.2174828442644892,0.13688468263587514,0.04869288971885513,-0.9696990260665707,-0.10099012488643916,-0.955761268326155,-1.9755066566577157,3.6989784686561507
-0.14166898797409838,0.7093199245640531,0.006014886125579383,0.46450799124876574,-0.01794895396544358,0.6344397790491331,0.13688468263587514,0.7011043895609544,-0.11532828222636395,-0.10099424014054825,0.17941043353175384,0.6956170512822403,-0.1630621143337909
-0.4816812316465553,0.7215821753208332,0.38495271203706977,0.44901004158708313,0.2512853555162082,1.204231877555928,0.6411296530898885,0.7011043895609544,-0.34833848509187487,-0.10099423825208055,-0.15782823975417984,0.5942338197572797,-0.1686913869554313
-0.14706458191475744,0.70944634043616,0.4932206622974956,0.15454899801511304,0.19743849361987784,0.9392125433847064,0.5150684104763852,0.9185748895083209,-0.4260085527137118,-0.10099423874647186,0.17405404220446632,0.5522370336276435,-0.1631513698408179
-1.02467401996694,0.5518753077418229,-0.48119089004633686,1.1464177763628016,1.3282225934428153,1.7475215126069323,-1.1237277434991582,1.4984962227012981,1.8264234083195603,-0.10099423987121281,-0.7214545456700616,0.6920252258828303,-0.17725687509885263
-1.0668549404710868,0.6014358375374541,0.7097565628183472,0.7899649341441011,0.3589790793088689,1.4825021784357106,-0.3673602878181382,1.2085355561048094,1.6710832730758862,-0.1009942388479618,-0.7571738032764166,0.39493270584410195,-0.17806470939087637
-0.5103306823073956,0.6284848364773377,0.22255078664643105,0.46450799124876574,-0.5564175729287472,0.5416835421278741,0.2629459252493785,0.3386535563153437,-0.4260085527137118,-0.10099423874885592,-0.21342775820278176,0.5522771930310892,-0.1687102924309729
-0.9589545932984984,0.5018338113041777,0.4932206622974956,0.9139485314375622,0.7897539744795118,2.21130534740657,-3.1407076253152115,0.8460847228591988,-0.8920289584447336,-0.10099424429390448,-0.665510609968894,0.35878343863437717,-0.17599913634958106
-0.13408905853372818,-1.7520410799554713,0.33081873690685687,-0.10116717140265044,-0.5564175729287472,0.48867967529362993,0.8932521383168951,0.19367322301709944,1.3604030025885385,-0.10099388061033929,-0.8592813330275905,-1.7367248572776959,0.006380915466595689
-1.151116638284756,0.5038768090630249,-3.2420236216871956,0.46450799124876574,0.2512853555162082,0.35617000820801914,0.3890071678628818,0.8460847228591988,0.9720526644793536,-0.10099423668478384,-0.8434605396621913,1.9888387631938644,-0.17940720188472203
-0.976126419998506,0.5622069402746928,-0.048119089004633527,0.6504833871889574,0.8436008363758422,0.4356752784207169,0.8932521383168951,1.2810257227539317,1.0497227321011906,-0.10099423609729745,-0.6743746356708279,0.5668625967827122,-0.17643516750564492
0.9169161967605974,0.6446411935854377,0.7097565628183472,0.45675901641792443,1.1666820077538242,0.66094197748559,0.5150684104763852,1.2085355561048094,-0.03765821460452698,-0.10099423814495405,1.18834185111682,0.4342606673029556,-0.14484433447829104
-1.2820141114422163,0.6884478023547276,1.0345604135996247,0.3095284946319394,1.0051414220648331,0.21040937441384713,0.2629459252493785,1.4984962227012981,0.8943825968575166,-0.10099424004939074,-0.9639780788470447,0.391239088424287,-0.1817409331278851
-1.1281789912882063,-1.7595255569822623,1.1428283638600505,0.1468000231842717,-0.01794895396544358,0.3429190414994579,0.7671908957033918,0.6286142229118323,-0.8143588908228967,-0.10099387484529615,-0.960367378796415,-1.7649681461134752,-0.15415306004847631
-0.14678721561207114,0.7133920614197315,0.7638905379485602,0.7124751858356879,1.1666820077538242,0.48867967529362993,0.8932521383168951,1.353515889403054,-0.6590187555792227,-0.1009942383670257,0.17599106232445375,0.48249795304434034,-0.1631738903904277
0.9580519864699394,0.6719853997937759,0.43908668716728266,0.6737303116814813,1.0589882839611635,0.780200942881974,0.2629459252493785,1.353515889403054,-0.8920289584447336,-0.10099423908193796,1.2511693630568108,0.5323087658997687,-0.14453691563621404
-1.071666062312212,0.398166488708654,0.7638905379485602,0.9991872545768167,0.8436008363758422,1.0054673769275118,0.5150684104763852,1.2810257227539317,0.8943825968575166,-0.10099423355487516,-0.7784233173597719,0.19721084640500539,-0.177827885350003
0.8503252208346996,0.5721324074054035,0.4932206622974956,0.6814792865123226,0.52051966499786,0.9392125433847064,0.7671908957033918,1.2085355561048094,0.5060322587483318,-0.10099423594035326,1.066194623234155,0.4242877518645117,-0.1449580721655892
0.9214469176567751,0.656759172117129,0.4932206622974956,0.45675901641792443,0.7897539744795118,0.3429190414994579,0.6411296530898885,0.9910650561574431,-0.4260085527137118,-0.10099423839556332,1.202612224432746,0.5031430691932894,-0.14493612941543824
0.9196759004330582,0.6674670317887003,0.6014886125579214,0.41801414226371786,0.6282133887905207,0.66094197748559,0.8932521383168951,0.9910650561574431,0.8943825968575166,-0.10099423746169395,1.2095545522292326,0.4837396869699856,-0.14511261893765762
0.9468286655306066,0.6809309884498994,0.38495271203706977,0.32502644429362204,0.2512853555162082,0.9524635100932676,0.5150684104763852,1.1360453894556874,1.3604030025885385,-0.10099423831131006,1.2474141206433729,0.5559013581713823,-0.14484623337049596
0.9662291335073409,-1.7584671460895847,0.38495271203706977,-0.6125995102381774,0.9512945601685028,1.1379770440131225,-0.11523780259113153,0.6286142229118323,1.2827329349667014,-0.10099389007046501,-0.7532199407322151,-1.7443546117669695,0.19363397664943882
0.9705395393753454,0.7206000759068203,0.060148861255792295,0.6814792865123226,0.7359071125831814,0.780200942881974,0.13688468263587514,0.7735945562100767,-1.7463997022849402,-0.10099424011361861,1.3038493466152334,0.6899137282269758,-0.14499486775069134
0.9839059246796351,-1.7525213358968692,0.22255078664643105,-0.9458054279643541,-1.0948861918920507,0.18390744099672554,0.7671908957033918,-1.1111497766670992,1.0497227321011906,-0.10099388709294099,-0.7465103939404326,-1.7339880998168922,0.18841412976748023
1.5523375121483645,-2.0011007806485326,0.006014886125579383,0.29403054497025677,0.2512853555162082,1.0319687803059654,0.5150684104763852,0.8460847228591988,0.11768192063914695,-0.10099029146739508,-0.9482531510717278,-1.9720195893629056,4.484328715895709
0.9902550032188066,0.7054496266833759,0.22255078664643105,0.619487487865592,0.30513221741253854,1.323490312913644,0.5150684104763852,0.8460847228591988,-0.9696990260665707,-0.1009942381999693,1.3110189163846118,0.6261795334202079,-0.14446663180208388
-0.7484050439223413,0.5901436931217885,-0.9142626910880401,0.3947672177711939,-0.44872384913608643,1.0584709787424225,0.5150684104763852,0.7735945562100767,1.2827329349667014,-0.10099423677803304,-0.45274242505712936,0.8847113550869518,-0.17259387165989687
0.9952148225307375,0.7395737390951187,0.22255078664643105,-0.1709079448802223,-0.7718050205140685,1.111475110596001,0.2629459252493785,-0.09628744357938918,-0.5813486879573858,-0.10099423962804757,1.3446023518050834,0.6589458381704457,-0.14484840450273953
1.753704840970165,0.6973184120958419,0.060148861255792295,-1.2170195470438,-0.17948953965443465,0.4621774768571739,-0.6194827730451449,-0.4587382768249999,0.8943825968575166,-0.10099424221841506,2.066280664202709,0.6671418901009079,-0.131793370985966
1.753704840970165,0.6973184120958419,0.060148861255792295,-1.503731615784929,-1.8487422584406756,0.4621774768571739,-0.6194827730451449,-1.4736006099127101,0.8943825968575166,-0.10099424221841506,2.066280664202709,0.6671418901009079,-0.131793370985966
-1.272324498701764,0.7014990196330679,0.16841681151621812,0.4800059409104484,-0.01794895396544358,0.6211893423792407,0.5150684104763852,0.8460847228591988,-0.4260085527137118,-0.10099423903559841,-0.9542296688217993,0.6384679570512541,-0.1815827649533161
0.8361995680366232,0.522217238002288,-0.9142626910880401,-1.968670105635408,-1.0948861918920507,0.4754287085850687,0.2629459252493785,-0.966169443368855,-0.03765821460452698,-0.10099423718387014,1.0137879397201723,0.8099094147484529,-0.14448246950826302
0.8361995680366232,0.522217238002288,-0.9142626910880401,-0.62809745989986,-0.98719246809939,0.4754287085850687,0.2629459252493785,-0.8936792767197328,-0.5036786203355488,-0.10099423718387014,1.0137879397201723,0.8099094147484529,-0.14448246950826302
1.9531870500192223,0.5944875841255868,0.7097565628183472,-0.19415486937274626,-0.07179581586177393,0.6874441759220461,0.3890071678628818,0.5561240562627102,0.5060322587483318,-0.10099423768970932,2.14308909243359,0.38860801216295754,-0.12641602613898512
1.9531870500192223,0.5944875841255868,0.7097565628183472,-2.21663730022233,-2.656445186885631,0.6874441759220461,0.3890071678628818,-2.9958941095442753,0.35069212350465784,-0.10099423768970932,2.14308909243359,0.38860801216295754,-0.12641602613898512
0.8974398627273298,0.657819448598924,0.7097565628183472,-0.4343730891288271,-0.6641112967214079,0.6211893423792407,0.7671908957033918,0.04869288971885513,0.6613723939920058,-0.10099423770861837,1.1798564807031993,0.44625626119853057,-0.1453515486874089
0.8974398627273298,0.657819448598924,0.7097565628183472,-1.945423181142884,-2.4410577393003097,0.6211893423792407,0.7671908957033918,-2.48846294300042,1.0497227321011906,-0.10099423770861837,1.1798564807031993,0.44625626119853057,-0.1453515486874089
0.9356126277327013,-1.7658058406524775,-0.4270569149161239,0.6349854375272748,1.3820694553391457,0.26341297622875776,-0.3673602878181382,1.353515889403054,-0.5036786203355488,-0.10099389780030125,-0.7622414650473099,-1.7268327764098936,0.19890013041730997
1.0338021196690077,0.7910712834202059,0.16841681151621812,-0.62809745989986,-0.6641112967214079,0.5681849455063277,0.5150684104763852,-0.3862481101758778,0.11768192063914695,-0.10099424035396987,1.4276323970626144,0.7250037736563963,-0.14491232489591568
-0.7699133744138009,0.47376175882727267,-1.0766646164786788,0.619487487865592,0.46667280310152964,-0.0016063579424637868,0.7671908957033918,0.8460847228591988,-0.7366888232010597,-0.10099423557453294,-0.4957416286962437,0.8155957709894732,-0.1725440512866351
0.006879178432208664,-1.763761776842706,-0.9142626910880401,0.9061995566067208,0.682060250686851,-0.1473667267173014,0.7671908957033918,0.9910650561574431,-0.7366888232010597,-0.10099387482176367,-0.8505988520028444,-1.7074553672450952,0.03860425383534549
0.7438044220341156,-1.7811608828158108,-0.8059947408276144,0.3792692681095112,0.5743665268941903,0.4754287085850687,0.2629459252493785,1.1360453894556874,0.9720526644793536,-0.10099385256667986,-0.7921545208109649,-1.7303719804566975,0.18776274295989823
0.9223360678393472,-1.764881841013839,-0.5353248651765498,0.8752036572833556,0.1435916317235475,0.3826719416251417,-0.11523780259113153,0.7735945562100767,1.5934132054540493,-0.10099389057513332,-0.7627682508112199,-1.7222344651825068,0.19530604075474878
0.8910604377655449,-1.7645360851640572,-0.3187889646556981,0.07705924970669986,-0.12564267775810428,0.8199538430076568,0.2629459252493785,0.5561240562627102,-1.7463997022849402,-0.10099387485873319,-0.7655103564581932,-1.729068402522077,0.18949725778595125
0.8910604377655449,-1.7645360851640572,-0.3187889646556981,-2.62733296625692,-0.8256518824103989,0.8199538430076568,0.2629459252493785,-1.6185809432109544,0.35069212350465784,-0.10099387485873319,-0.7655103564581932,-1.729068402522077,0.18949725778595125
1.0393785782884426,0.7685686363221609,0.43908668716728266,-0.8373197803325756,0.2512853555162082,-0.6641544283511837,0.6411296530898885,-0.24126777687763348,0.8943825968575166,-0.10099424124896986,1.4141546563156882,0.6228408301971834,-0.14452490744710914
1.0393785782884426,0.7685686363221609,0.43908668716728266,-1.8679334328344708,-2.3872108774039793,-0.6641544283511837,0.6411296530898885,-2.7784236095969086,0.5837023263701687,-0.10099424124896986,1.4141546563156882,0.6228408301971834,-0.14452490744710914
1.0618919822968573,0.7195666283732869,0.11428283638600521,-1.4649867416307223,-0.39487698723975606,-0.2666256921136853,0.7671908957033918,-0.5312284434741221,-0.03765821460452698,-0.10099423974732581,1.3949231472815944,0.6723112082878973,-0.14349006875688627
1.0618919822968573,0.7195666283732869,0.11428283638600521,-1.0620400504269738,-1.6333548108553542,-0.2666256921136853,0.7671908957033918,-1.1836399433162215,-1.0473690936884075,-0.10099423974732581,1.3949231472815944,0.6723112082878973,-0.14349006875688627
1.068719927384868,0.8279004112147872,0.16841681151621812,0.6504833871889574,0.6282133887905207,0.07789970732823637,0.010823440022371806,1.353515889403054,1.3604030025885385,-0.10099424273157918,1.4955634597264826,0.7605844156298203,-0.1448416658357498
1.081010228543287,0.8355670941120568,0.6014886125579214,0.9991872545768167,1.274375731546485,-0.06786119148526917,0.7671908957033918,1.0635552228065652,-0.1929983498482009,-0.1009942410748943,1.5150896603622754,0.6385435216053101,-0.14474855224239275
-1.0554386162839329,0.8355351125843278,0.33081873690685687,-1.7904436845260576,-1.741048534648015,-0.38588412747140133,0.7671908957033918,-0.966169443368855,0.9720526644793536,-0.10099424146032494,-0.7256516822618391,0.7179558482132182,-0.17820379413939602
-1.0554386162839329,0.8355351125843278,0.33081873690685687,-1.9919170301279319,-2.49490460119664,-0.38588412747140133,0.7671908957033918,-2.9958941095442753,0.35069212350465784,-0.10099424146032494,-0.7256516822618391,0.7179558482132182,-0.17820379413939602
0.49050647405094144,0.8102362139118394,0.060148861255792295,-0.9225585034718301,-0.01794895396544358,-0.04135899304881314,0.3890071678628818,-0.09628744357938918,1.2050628673448645,-0.10099424168190171,0.8791990587684789,0.7775869994101837,-0.1537459445258233
1.0686058248358417,0.7879651663770989,0.33081873690685687,0.5419977395571789,0.03589790793088678,-0.30637832722003466,0.8932521383168951,0.6286142229118323,-0.11532828222636395,-0.10099424041001445,1.4608795276163964,0.6728290498399837,-0.14431726105638065
1.0535467160781777,-1.7469879985742813,0.16841681151621812,0.7589690348207359,0.6282133887905207,-0.5183937945570116,0.7671908957033918,0.9185748895083209,0.2730220558828209,-0.10099390345668166,-0.7347144107184925,-1.7270167879942073,0.19222946447039083
-1.2944136597220437,-0.9983273522230491,-2.863085795775705,-0.1321630707260157,-0.17948953965443465,-0.8364169955624777,-0.6194827730451449,0.3386535563153437,0.2730220558828209,-0.10099418691285286,-0.9766072966242684,-0.482873709821099,-0.1819328195967965
-0.1416853750423096,0.7789714277542278,0.11428283638600521,-0.1321630707260157,-0.17948953965443465,-0.8629189289795998,-0.8716052582721515,0.3386535563153437,0.2730220558828209,-0.10099424556916342,0.20880816050566772,0.7300564853314867,-0.163531062777382
1.0804409296550601,-1.7438472348761345,0.060148861255792295,0.7434710851590531,0.7897539744795118,0.30316561133510617,0.13688468263587514,0.9910650561574431,0.8167125292356797,-0.10099391374255348,-0.7292102210030678,-1.7205667119600268,0.19233821202789897
1.0693644854011761,0.824783278312129,0.11428283638600521,0.4800059409104484,0.8436008363758422,0.18390744099672554,0.13688468263587514,1.2085355561048094,-3.5328112575871904,-0.1009942422406728,1.493538878519212,0.7745885438505544,-0.14479099030865344
1.2808031849599053,0.7397435965423907,0.33081873690685687,0.19329387216931962,-0.01794895396544358,-0.21362156026010676,0.3890071678628818,0.5561240562627102,-0.5036786203355488,-0.10099424096110014,1.6342525082075487,0.6270840946177927,-0.1402237634371331
1.098307689432914,0.8392626484787256,0.38495271203706977,-0.6435954095615427,-0.9333456062030596,0.40917387504226327,-0.3673602878181382,-0.8211891100706107,0.8943825968575166,-0.10099424343517793,1.5364702445509941,0.7052018520328782,-0.14452598003588418
1.098307689432914,0.8392626484787256,0.38495271203706977,-1.6974559865559617,-2.2795171536113186,0.40917387504226327,-0.3673602878181382,-2.9958941095442753,-1.5133894994194295,-0.10099424343517793,1.5364702445509941,0.7052018520328782,-0.14452598003588418
-1.2707859350752657,0.8520273645711599,0.276684761776644,0.9681913552534513,0.6282133887905207,-0.9424244642116321,0.6411296530898885,0.7735945562100767,0.4283621911264948,-0.1009942426633424,-0.9513629931672717,0.7501620072364287,-0.18157817995877645
1.6739793264087437,0.856155024912479,0.38495271203706977,-0.5661056612531294,-0.12564267775810428,-0.7701621620196724,0.2629459252493785,0.12118305636797728,0.5060322587483318,-0.10099424346481069,2.159387544742444,0.7211306949667202,-0.13579488187114674
1.6739793264087437,0.856155024912479,0.38495271203706977,-1.7516988103718512,-2.333364015507649,-0.7701621620196724,0.2629459252493785,-2.415972776351298,0.7390424616138427,-0.10099424346481069,2.159387544742444,0.7211306949667202,-0.13579488187114674
2.3485420646117015,-0.7804667867181779,-3.2420236216871956,-0.6900892585465905,0.3589790793088689,0.9259613116568116,-2.132217684407185,-0.16877761022851132,0.4283621911264948,-0.10099420684506362,0.6883332702053057,-0.03367355229711519,-0.05102129780416573
4.266132509551221,0.4847974291580666,0.33081873690685687,0.3017795198010981,0.2512853555162082,-0.9821776293566493,-0.7455440156586481,1.353515889403054,0.7390424616138427,-0.10099424151560855,4.141365078261963,0.3852317233440792,-0.08271802180379281
0.9009491230383411,-1.7525442559917417,0.5473546374277085,-1.9919170301279319,-1.148733053788381,1.0849731771788784,-4.905565021904258,-1.1111497766670992,0.9720526644793536,-0.10099402590091969,-0.7549117351112471,-1.7433610326754305,0.17496097607440758
0.9009491230383411,-1.7525442559917417,0.5473546374277085,-0.8993115789793061,-0.6102644348250775,1.0849731771788784,-4.905565021904258,-0.4587382768249999,0.6613723939920058,-0.10099402590091969,-0.7549117351112471,-1.7433610326754305,0.17496097607440758
0.9009491230383411,-1.7525442559917417,0.5473546374277085,-2.0849047280980275,-2.5487514630929704,1.0849731771788784,-4.905565021904258,-2.5609531096495424,-0.2706684174700379,-0.10099402590091969,-0.7549117351112471,-1.7433610326754305,0.17496097607440758
1.0394016415696288,0.7472235428527535,0.276684761776644,0.5419977395571789,0.3589790793088689,-0.7569111953111111,0.5150684104763852,0.9910650561574431,1.6710832730758862,-0.10099424141056233,1.3959320446056303,0.650138258832603,-0.14423670892139168
-1.277207238100257,-1.7453842137962463,0.276684761776644,0.4800059409104484,0.7897539744795118,-0.45213896101420625,0.010823440022371806,1.2810257227539317,0.11768192063914695,-0.10099392428664761,-0.974953101349314,-1.728782347616008,-0.17915241054739744
1.1055762645772709,0.8517501024932644,0.060148861255792295,0.642734412358116,1.435916317235476,-0.31962929392859596,0.13688468263587514,1.0635552228065652,-4.3095119338055605,-0.10099424318745003,1.5550806186068329,0.8181918100643972,-0.14457506909501303
-1.220377492472179,0.37271070287513924,-1.9969421936922984,-1.9531721559737254,-0.7179581586177382,-1.7904865985788752,0.8932521383168951,-0.8936792767197328,0.5837023263701687,-0.10099423597417406,-0.911268454560454,1.0752248338789527,-0.18056175383302348
1.1073921945064555,-1.7386592092154434,0.38495271203706977,-2.1546455015755996,-0.5025707110324168,-1.591722097950459,0.6411296530898885,-0.8936792767197328,-0.2706684174700379,-0.10099393028139446,-0.7218371384884409,-1.7256765106395753,0.18980858194896413
1.1073921945064555,-1.7386592092154434,0.38495271203706977,-0.4421220639596684,-0.12564267775810428,-1.591722097950459,0.6411296530898885,0.12118305636797728,1.3604030025885385,-0.10099393028139446,-0.7218371384884409,-1.7256765106395753,0.18980858194896413
1.0160403585133961,0.786781761013547,0.060148861255792295,0.45675901641792443,1.435916317235476,-1.1676911632765046,0.5150684104763852,1.4984962227012981,0.04001185301730999,-0.10099424243844234,1.4056629451267466,0.7546461559605183,-0.1451388427827322
0.4652242624432818,-1.7437700350216996,0.276684761776644,0.19329387216931962,0.2512853555162082,-1.6579769314932644,0.5150684104763852,1.0635552228065652,0.04001185301730999,-0.10099392807391537,-0.7932832579197642,-1.7272417910888056,0.0953204107444841
1.0774821534502554,0.8634305559581068,0.33081873690685687,-0.8915626041484648,-0.5025707110324168,-2.055505932750097,0.5150684104763852,-0.7486989434214886,-0.1929983498482009,-0.10099424446045104,1.5355961977608252,0.7444186077710423,-0.14516173658241024
1.0774821534502554,0.8634305559581068,0.33081873690685687,-1.6122172634167073,-0.7718050205140685,-2.055505932750097,0.5150684104763852,-0.6762087767723663,0.7390424616138427,-0.10099424446045104,1.5355961977608252,0.7444186077710423,-0.14516173658241024
1.0793314644443148,0.8440541031955765,0.22255078664643105,-0.8760646544867822,-0.07179581586177393,-1.565220164533337,0.5150684104763852,-0.5312284434741221,0.8943825968575166,-0.10099424363789594,1.5207079223970603,0.7592689003273194,-0.1448846865644041
1.0793314644443148,0.8440541031955765,0.22255078664643105,-1.9996660049587731,-2.49490460119664,-1.565220164533337,0.5150684104763852,-2.7059334429477864,0.5837023263701687,-0.10099424363789594,1.5207079223970603,0.7592689003273194,-0.1448846865644041
2.6262749520831696,0.5023513790279263,0.006014886125579383,0.6272364626964334,0.5743665268941903,0.6079383756706794,-4.527381294063749,1.0635552228065652,-0.34833848509187487,-0.10099425050490554,2.657308904968837,0.49191550986787874,-0.11246632350487128
0.61158870027833,0.5983557499044154,0.6556225876881343,-0.2638956428503181,0.8436008363758422,-1.1809421299850655,0.5150684104763852,0.5561240562627102,0.35069212350465784,-0.10099423987073983,0.8571432399208818,0.40603067528257947,-0.14940343436493697
0.8732410184069678,0.598559099118226,0.276684761776644,-0.8063238810092104,0.2512853555162082,-1.2471969635278708,0.5150684104763852,-0.02379727693026702,0.11768192063914695,-0.10099423996136478,1.1090004221315728,0.5082543592487632,-0.14493900885820532
