total_calorie,heart_rate_sample_count,com.samsung.health.exercise.duration,com.samsung.health.exercise.start_time,com.samsung.health.exercise.mean_heart_rate,com.samsung.health.exercise.max_heart_rate,com.samsung.health.exercise.max_speed,com.samsung.health.exercise.mean_cadence,com.samsung.health.exercise.min_heart_rate,com.samsung.health.exercise.distance,com.samsung.health.exercise.calorie,com.samsung.health.exercise.max_cadence,com.samsung.health.exercise.vo2_max,com.samsung.health.exercise.mean_speed,com.samsung.health.exercise.end_time,temperature_x,humidity_x,wind_speed_x,data,hora,dataToJoin,sleep_duration,sleep_score,physical_recovery,mental_recovery,temperature,wind_speed,humidity,latitude,longitude,com.samsung.health.exercise.distance_2,volume_7d,duration_min,pace,pace_min_sec
631.0187,,2607095,2018-01-18 06:16:12.414,,,2.8502922,174.05772,,6800.0,631.0,181.6168,,2.6083622,2018-01-18 06:59:40.847,25.5,82.0,17.5,2018-01-18,06:16:12,2018-01-18,,,,,25.5,17.5,82.0,-22.8794415,-42.009363,68000.0,68000.0,43451.583333333336,6.389938725490197,6:23 min/km
455.57983,,2840138,2018-01-20 06:13:41.096,,,2.7149556,150.48227,,6070.0,455.0,190.81078,,2.1373239,2018-01-20 07:01:33.066,25.0,91.0,6.0,2018-01-20,06:13:41,2018-01-20,,,,,25.0,6.0,91.0,-22.881899,-42.009064,60700.0,128700.0,47335.63333333333,7.798292147171884,7:47 min/km
150.78531,,1825625,2018-01-21 07:16:19.217,,,1.6424619,116.00537,,2720.0,148.0,132.66515,,1.4912281,2018-01-21 07:49:04.305,26.0,83.0,5.0,2018-01-21,07:16:19,2018-01-21,,,,,26.0,5.0,83.0,-22.878582,-42.00911,27200.0,155900.0,30427.083333333332,11.18642769607843,11:11 min/km
716.46234,,3357867,2018-01-23 07:27:49.979,,,3.1061954,151.57695,,7710.0,714.0,174.7999,,2.2994332,2018-01-23 08:25:52.003,21.0,92.0,14.0,2018-01-23,07:27:49,2018-01-23,,,,,21.0,14.0,92.0,-21.784472,-43.36184,77100.0,233000.0,55964.45,7.258683527885863,7:15 min/km
761.18896,,3103471,2018-01-25 05:35:34.908,,,2.883831,158.69592,,7490.0,758.0,177.93037,,2.413793,2018-01-25 06:29:58.032,19.0,92.0,10.0,2018-01-25,05:35:34,2018-01-25,,,,,19.0,10.0,92.0,-21.785292,-43.3623,74900.0,239900.0,51724.51666666667,6.905809968847352,6:54 min/km
719.5957,,2922250,2018-01-27 05:33:27.790,,,2.9470568,163.34576,,7210.0,719.0,175.1326,,2.4683328,2018-01-27 06:22:41.537,,,,2018-01-27,05:33:27,2018-01-27,,,,,,,,-21.7642,-43.3503,72100.0,251300.0,48704.166666666664,6.755085529357373,6:45 min/km
1052.0596,,4145489,2018-01-28 05:40:42.873,,,2.9106176,166.43277,,10350.0,1052.0,176.7649,,2.4969842,2018-01-28 06:49:52.091,,,,2018-01-28,05:40:42,2018-01-28,,,,,,,,-21.7642,-43.3503,103500.0,327600.0,69091.48333333334,6.675505636070854,6:40 min/km
634.139,,3023023,2018-01-30 05:26:50.762,,,3.2579076,152.79793,,7260.0,634.0,179.9542,,2.4023826,2018-01-30 06:17:21.416,20.0,100.0,8.0,2018-01-30,05:26:50,2018-01-30,,,,,20.0,8.0,100.0,-21.78447,-43.361786,72600.0,323100.0,50383.71666666667,6.9399058769513315,6:56 min/km
612.0794,,2322880,2018-01-31 06:44:18.317,,,2.8994112,168.31268,,6070.0,612.0,180.82559,,2.615252,2018-01-31 07:23:05.971,17.0,92.0,8.0,2018-01-31,06:44:18,2018-01-31,,,,,17.0,8.0,92.0,-21.7778,-43.369976,60700.0,383800.0,38714.666666666664,6.378034047226798,6:22 min/km
638.99286,,2953993,2018-02-01 05:26:12.150,,,5.0,154.81096,,7070.0,638.0,182.51823,,2.395798,2018-02-01 06:16:16.907,16.0,100.0,8.0,2018-02-01,05:26:12,2018-02-01,,,,,16.0,8.0,100.0,-21.784302,-43.36142,70700.0,379600.0,49233.21666666667,6.963679867986799,6:57 min/km
464.63544,,1830604,2018-02-02 05:54:03.088,,,2.8423595,164.29703,,4580.0,464.0,177.52106,,2.5027323,2018-02-02 06:25:06.458,17.0,95.0,3.0,2018-02-02,05:54:03,2018-02-02,,,,,17.0,3.0,95.0,-21.777624,-43.37002,45800.0,425400.0,30510.066666666666,6.661586608442503,6:39 min/km
888.59424,,3433920,2018-02-05 05:42:16.940,,,7.5,166.55322,,9130.0,885.0,177.31343,,2.6610317,2018-02-05 06:42:32.541,16.0,100.0,8.0,2018-02-05,05:42:16,2018-02-05,,,,,16.0,8.0,100.0,-21.775368,-43.3701,91300.0,341100.0,57232.0,6.268565169769989,6:16 min/km
873.79285,,3357733,2018-02-07 05:43:15.977,,,2.8528693,167.459,,8620.0,870.0,179.02267,,2.5677688,2018-02-07 06:42:25.244,18.0,97.0,3.0,2018-02-07,05:43:15,2018-02-07,,,,,18.0,3.0,97.0,-21.77516,-43.370148,86200.0,294000.0,55962.21666666667,6.492136504253674,6:29 min/km
846.46747,,3181769,2018-02-09 05:40:20.153,,,2.7459927,170.53874,,8330.0,842.0,179.95837,,2.6211455,2018-02-09 06:37:09.790,18.0,96.0,6.0,2018-02-09,05:40:20,2018-02-09,,,,,18.0,6.0,96.0,-21.77779,-43.37005,83300.0,260800.0,53029.48333333333,6.366084433773509,6:21 min/km
929.4311,,4059139,2018-02-13 05:52:57.361,,,3.1534204,159.9902,,10090.0,929.0,177.47932,,2.4864466,2018-02-13 07:00:58.569,19.0,100.0,6.0,2018-02-13,05:52:57,2018-02-13,,,,,19.0,6.0,100.0,-21.784418,-43.36183,100900.0,270400.0,67652.31666666667,6.70488767756855,6:42 min/km
486.05878,,1825629,2018-02-14 09:44:16.672,,,3.110485,170.90793,,5320.0,486.0,177.60735,,2.9198682,2018-02-14 10:14:46.746,22.0,80.0,6.0,2018-02-14,09:44:16,2018-02-14,,,,,22.0,6.0,80.0,-21.773672,-43.37001,53200.0,237400.0,30427.15,5.7193890977443615,5:43 min/km
799.39496,,2898021,2018-02-17 06:15:53.936,,,3.394708,174.2393,,8210.0,799.0,181.41719,,2.8329883,2018-02-17 07:04:32.721,18.5,95.0,5.0,2018-02-17,06:15:53,2018-02-17,,,,,18.5,5.0,95.0,-21.786177000000002,-43.3622125,82100.0,236200.0,48300.35,5.883112058465286,5:52 min/km
1044.0592,,3657246,2018-02-18 06:04:31.014,,,2.960132,176.32692,,10320.0,1044.0,182.4509,,2.8235295,2018-02-18 07:05:32.547,19.0,96.0,10.0,2018-02-18,06:04:31,2018-02-18,,,,,19.0,10.0,96.0,-21.773476,-43.36996,103200.0,339400.0,60954.1,5.90640503875969,5:54 min/km
555.17773,,1924714,2018-02-19 06:34:22.915,,,3.1695557,177.59073,,5770.0,555.0,185.01318,,3.0020812,2018-02-19 07:06:36.514,18.0,100.0,8.0,2018-02-19,06:34:22,2018-02-19,,,,,18.0,8.0,100.0,-21.775555,-43.37002,57700.0,397100.0,32078.566666666666,5.559543616406701,5:33 min/km
577.05927,,2117809,2018-02-20 09:16:41.721,,,5.0,173.19699,,6170.0,577.0,180.56976,,2.915879,2018-02-20 09:52:03.263,23.0,80.0,14.0,2018-02-20,09:16:41,2018-02-20,,,,,23.0,14.0,80.0,-21.809452,-43.37958,61700.0,357900.0,35296.816666666666,5.7207158292814695,5:43 min/km
722.33575,,2554794,2018-02-21 06:43:18.793,,,3.0509682,175.37976,,7480.0,722.0,182.97122,,2.9298863,2018-02-21 07:26:11.143,21.0,93.0,11.0,2018-02-21,06:43:18,2018-02-21,,,,,21.0,11.0,93.0,-21.773317,-43.369324,74800.0,379500.0,42579.9,5.6925,5:41 min/km
619.13824,,2498959,2018-02-22 06:26:33.475,,,2.785805,167.19432,,6290.0,619.0,178.6932,,2.5180144,2018-02-22 07:08:20.033,20.0,93.0,10.0,2018-02-22,06:26:33,2018-02-22,,,,,20.0,10.0,93.0,-21.773344,-43.367653,62900.0,442400.0,41649.316666666666,6.621512983571807,6:37 min/km
806.1942,,3051036,2018-02-23 06:29:43.337,,,2.9558208,172.24248,,8330.0,806.0,180.14842,,2.7302523,2018-02-23 07:20:45.858,19.0,100.0,6.0,2018-02-23,06:29:43,2018-02-23,,,,,19.0,6.0,100.0,-21.773159,-43.367725,83300.0,525700.0,50850.6,6.104513805522209,6:06 min/km
769.1748,,3017200,2018-02-25 12:30:44.018,,,3.4345026,173.94653,,8420.0,769.0,179.42857,,2.7908518,2018-02-25 13:21:11.068,28.5,65.5,18.0,2018-02-25,12:30:44,2018-02-25,,,,,28.5,18.0,65.5,-22.970943,-43.2163625,84200.0,424600.0,50286.666666666664,5.972288202692003,5:58 min/km
364.8258,,1901467,2018-02-26 06:50:49.597,,,2.6971557,152.42296,,4170.0,363.0,194.37483,,2.1970496,2018-02-26 07:24:05.935,18.0,93.0,8.0,2018-02-26,06:50:49,2018-02-26,,,,,18.0,8.0,93.0,-21.773254,-43.36887,41700.0,408600.0,31691.116666666665,7.5997881694644285,7:35 min/km
708.2137,,2664973,2018-02-27 06:41:38.482,,,3.1894197,173.09929,,7540.0,708.0,183.23059,,2.8335211,2018-02-27 07:26:15.336,18.0,100.0,10.0,2018-02-27,06:41:38,2018-02-27,,,,,18.0,10.0,100.0,-21.773575,-43.367752,75400.0,422300.0,44416.21666666667,5.890744916003537,5:53 min/km
857.0194,,3168119,2018-02-28 06:36:00.845,,,2.9783583,174.44005,,8770.0,857.0,182.23561,,2.770932,2018-02-28 07:28:50.004,20.0,94.0,6.0,2018-02-28,06:36:00,2018-02-28,,,,,20.0,6.0,94.0,-21.773216,-43.369102,87700.0,435200.0,52801.98333333333,6.020750665146331,6:01 min/km
529.0583,,1890618,2018-03-01 06:49:20.664,,,3.2804172,177.91324,,5670.0,529.0,187.60582,,3.0,2018-03-01 07:20:55.215,21.0,94.0,5.0,2018-03-01,06:49:20,2018-03-01,,,,,21.0,5.0,94.0,-21.773281,-43.36913,56700.0,429000.0,31510.3,5.5573721340388005,5:33 min/km
726.1157,,2751016,2018-03-02 06:55:07.765,,,3.1162694,175.03119,,7740.0,726.0,187.61858,,2.816594,2018-03-02 07:41:06.180,21.0,95.0,6.0,2018-03-02,06:55:07,2018-03-02,,,,,21.0,6.0,95.0,-21.773222,-43.36912,77400.0,423100.0,45850.26666666667,5.923807062876831,5:55 min/km
1007.2314,,3669369,2018-03-04 07:08:58.420,,,3.2302535,178.36383,,10650.0,1007.0,187.04282,,2.9026983,2018-03-04 08:10:20.766,23.0,92.0,6.0,2018-03-04,07:08:58,2018-03-04,,,,,23.0,6.0,92.0,-20.716892,-42.03775,106500.0,445400.0,61156.15,5.742361502347418,5:44 min/km
500.03857,,1870745,2018-03-06 09:31:24.497,,,3.162514,174.31297,,5300.0,500.0,182.00409,,2.8342247,2018-03-06 10:02:38.124,24.0,80.0,5.0,2018-03-06,09:31:24,2018-03-06,,,,,24.0,5.0,80.0,-21.809855,-43.380196,53000.0,381300.0,31179.083333333332,5.882845911949685,5:52 min/km
571.135,,2421841,2018-03-09 06:42:37.159,,,3.3685334,166.59105,,6040.0,571.0,195.1451,,2.4948368,2018-03-09 07:23:05.796,19.0,92.0,8.0,2018-03-09,06:42:37,2018-03-09,,,,,19.0,8.0,92.0,-21.773666,-43.367588,60400.0,219900.0,40364.01666666667,6.682784216335541,6:40 min/km
574.05774,,2442908,2018-03-14 06:40:16.581,,,3.181852,167.33292,,6500.0,574.0,188.31807,,2.6650267,2018-03-14 07:21:03.498,21.0,91.0,6.0,2018-03-14,06:40:16,2018-03-14,,,,,21.0,6.0,91.0,-21.773954,-43.367832,65000.0,125400.0,40715.13333333333,6.263866666666666,6:15 min/km
576.19147,,2407847,2018-03-16 06:24:29.437,,,3.1936228,169.12184,,6540.0,576.0,186.65694,,2.7193346,2018-03-16 07:04:48.585,20.0,98.0,10.0,2018-03-16,06:24:29,2018-03-16,,,,,20.0,10.0,98.0,-21.773577,-43.367702,65400.0,130400.0,40130.78333333333,6.136205402650357,6:08 min/km
633.019,,2539867,2018-03-27 09:30:04.573,,,3.319189,172.47363,,7080.0,633.0,187.77142,,2.7895982,2018-03-27 10:12:26.547,22.0,75.0,8.0,2018-03-27,09:30:04,2018-03-27,,,,,22.0,8.0,75.0,-21.809656,-43.380543,70800.0,70800.0,42331.11666666667,5.978971280602637,5:58 min/km
735.2471,,3054226,2018-03-30 06:34:33.443,,,3.2820232,171.96912,,8440.0,735.0,180.7636,,2.7635887,2018-03-30 07:25:41.451,24.0,89.0,0.0,2018-03-30,06:34:33,2018-03-30,,,,,24.0,0.0,89.0,-22.881596,-42.009937,84400.0,155200.0,50903.76666666667,6.031251974723539,6:01 min/km
582.13306,,2559874,2018-04-09 06:34:14.026,,,3.005522,165.82329,,6700.0,582.0,185.55127,,2.6182103,2018-04-09 07:17:01.250,17.0,95.0,6.0,2018-04-09,06:34:14,2018-04-09,,,,,17.0,6.0,95.0,-21.773582,-43.36768,67000.0,67000.0,42664.566666666666,6.367845771144278,6:22 min/km
636.91223,,2683690,2018-04-16 06:38:46.898,,,4.6153846,165.7869,,7070.0,636.0,181.96713,,2.6380596,2018-04-16 07:24:19.188,17.0,100.0,6.0,2018-04-16,06:38:46,2018-04-16,,,,,17.0,6.0,100.0,-21.784533,-43.361797,70700.0,70700.0,44728.166666666664,6.3264733616218765,6:19 min/km
417.09503,,1992662,2018-04-17 09:23:45.702,,,2.7560844,159.58324,,4960.0,417.0,175.40907,,2.48996,2018-04-17 09:57:03.894,17.0,81.0,8.0,2018-04-17,09:23:45,2018-04-17,,,,,17.0,8.0,81.0,-21.80979,-43.380104,49600.0,120300.0,33211.03333333333,6.695772849462365,6:41 min/km
476.0757,,2146765,2018-04-18 06:44:28.393,,,3.05601,165.02725,,5570.0,476.0,186.19914,,2.59916,2018-04-18 07:20:20.750,13.0,99.0,5.0,2018-04-18,06:44:28,2018-04-18,,,,,13.0,5.0,99.0,-21.77359,-43.36777,55700.0,176000.0,35779.416666666664,6.423593656493117,6:25 min/km
233.4164,,1878693,2018-04-19 06:39:34.059,,,3.0769231,134.58238,,3850.0,233.0,183.59035,,2.0500534,2018-04-19 07:11:14.338,,,,2018-04-19,06:39:34,2018-04-19,,,,,,,,-21.7642,-43.3503,38500.0,214500.0,31311.55,8.13287012987013,8:07 min/km
456.03784,,1977685,2018-04-24 09:26:33.608,,,3.115657,168.08743,,5240.0,456.0,183.933,,2.655854,2018-04-24 09:59:34.587,20.0,79.0,10.0,2018-04-24,09:26:33,2018-04-24,,,,,20.0,10.0,79.0,-21.80973,-43.380592,52400.0,146600.0,32961.416666666664,6.290346692111958,6:17 min/km
542.0758,,2354881,2018-04-27 06:46:56.831,,,3.0797107,167.10587,,6490.0,542.0,183.6598,,2.7621484,2018-04-27 07:26:16.121,17.0,100.0,5.0,2018-04-27,06:46:56,2018-04-27,,,,,17.0,5.0,100.0,-21.77362,-43.367584,64900.0,117300.0,39248.01666666667,6.04746019517206,6:02 min/km
890.17065,,3673279,2018-04-29 07:26:53.472,,,3.1531823,170.61618,,10110.0,890.0,184.00018,,2.7547684,2018-04-29 08:28:15.634,18.0,92.0,3.0,2018-04-29,07:26:53,2018-04-29,,,,,18.0,3.0,92.0,-20.719675,-42.03843,101100.0,218400.0,61221.316666666666,6.055520936366634,6:03 min/km
591.17065,,2338869,2018-05-01 08:12:08.009,,,3.2314873,174.19453,,6570.0,591.0,187.13004,,2.8137045,2018-05-01 08:51:16.310,21.0,77.0,10.0,2018-05-01,08:12:08,2018-05-01,,,,,21.0,10.0,77.0,-20.719593,-42.03847,65700.0,231700.0,38981.15,5.93320395738204,5:55 min/km
445.07584,,1873757,2018-05-08 09:25:04.327,,,3.3230553,169.96739,,5340.0,445.0,223.47504,,2.8540888,2018-05-08 09:56:22.929,19.0,80.0,11.0,2018-05-08,09:25:04,2018-05-08,,,,,19.0,11.0,80.0,-21.809662,-43.38067,53400.0,53400.0,31229.283333333333,5.848180399500624,5:50 min/km
,,2249253,2018-06-03 09:10:06.000,,,4.25,,,4752.37,310.31,,,2.1128657,2018-06-03 09:47:35.000,23.666666666666668,67.0,5.0,2018-06-03,09:10:06,2018-06-03,,,,,23.666666666666668,5.0,67.0,-20.732014666666668,-42.02364133333333,475237.0,475237.0,37487.55,7.888180002819647,7:53 min/km
430.18893,,1883460,2018-06-05 09:31:31.824,,,3.298299,166.22577,,5180.0,430.0,181.52435,,2.7509294,2018-06-05 10:03:06.251,16.0,83.0,10.0,2018-06-05,09:31:31,2018-06-05,,,,,16.0,10.0,83.0,-21.810041,-43.378323,51800.0,527037.0,31391.0,6.06003861003861,6:03 min/km
624.1511,,2553758,2018-06-09 08:46:38.360,,,3.287775,170.00287,,7250.0,624.0,181.56693,,2.8420227,2018-06-09 09:29:21.146,,,,2018-06-09,08:46:38,2018-06-09,,,,,,,,-21.7642,-43.3503,72500.0,599537.0,42562.63333333333,5.870708045977011,5:52 min/km
422.30228,,1830610,2018-06-19 09:25:40.925,,,3.2247388,167.3899,,5050.0,422.0,182.223,,2.762582,2018-06-19 09:56:29.288,16.0,79.0,11.0,2018-06-19,09:25:40,2018-06-19,,,,,16.0,11.0,79.0,-21.809814,-43.379967,50500.0,50500.0,30510.166666666668,6.041617161716172,6:02 min/km
,,647498,2018-07-25 12:08:17.000,,,4.0277777,,,1475.82,93.46,,,2.2792656,2018-07-25 12:19:04.000,27.0,65.0,26.0,2018-07-25,12:08:17,2018-07-25,,,,,27.0,26.0,65.0,-5.868576,-35.18155,147582.0,147582.0,10791.633333333333,7.312296440848703,7:18 min/km
423.0189,,2069790,2018-10-03 07:05:00.764,,,2.9107168,157.67043,,5017.76,423.0,175.99011,,2.4275568,2018-10-03 07:39:32.811,18.0,91.0,11.0,2018-10-03,07:05:00,2018-10-03,,,,,18.0,11.0,91.0,-21.773642,-43.36778,501776.0,501776.0,34496.5,6.874880424731354,6:52 min/km
392.2267,,1906500,2018-12-17 07:27:50.348,,,2.7625647,156.83374,,4617.84,392.0,175.72917,,2.4240665,2018-12-17 07:59:49.886,21.0,82.0,13.0,2018-12-17,07:27:50,2018-12-17,,,,,21.0,13.0,82.0,-21.777733,-43.369846,461784.0,461784.0,31775.0,6.880922682466261,6:52 min/km
397.17004,,1807667,2018-12-18 06:49:11.035,,,3.0112765,160.43019,,4588.35,397.0,177.54091,,2.543433,2018-12-18 07:19:28.683,23.5,72.0,12.5,2018-12-18,06:49:11,2018-12-18,,,,,23.5,12.5,72.0,-21.781428,-43.3657475,458835.0,920619.0,30127.783333333333,6.566147598446791,6:33 min/km
366.60455,,1885240,2018-12-20 07:23:57.152,,,2.6000798,151.77512,,4225.31,366.0,208.35594,,2.2451222,2018-12-20 07:55:55.408,22.0,84.0,10.0,2018-12-20,07:23:57,2018-12-20,,,,,22.0,10.0,84.0,-21.778198,-43.36812,422531.0,1343150.0,31420.666666666668,7.436298559553421,7:26 min/km
455.35895,,2157909,2018-12-21 07:03:59.260,,,2.8219059,159.96318,,5405.63,455.0,178.62003,,2.508416,2018-12-21 07:40:17.828,24.0,81.5,10.0,2018-12-21,07:03:59,2018-12-21,,,,,24.0,10.0,81.5,-21.7812105,-43.364755,540563.0,1883713.0,35965.15,6.65327630636947,6:39 min/km
542.11334,,2452795,2018-12-23 06:45:44.974,,,3.0901794,162.66142,,6329.1,542.0,178.29549,,2.5811992,2018-12-23 07:26:45.294,24.0,79.0,8.0,2018-12-23,06:45:44,2018-12-23,,,,,24.0,8.0,79.0,-20.71848,-42.03826,63291.0,1947004.0,40879.916666666664,6.459041043223627,6:27 min/km
601.07556,,2596020,2018-12-26 06:33:37.967,,,2.950154,165.65414,,6577.32,601.0,182.35281,,2.5355935,2018-12-26 07:16:59.308,21.0,95.0,3.0,2018-12-26,06:33:37,2018-12-26,,,,,21.0,3.0,95.0,-20.718855,-42.038353,657732.0,1684117.0,43267.0,6.578211186319048,6:34 min/km
,,120821,2020-05-13 18:47:18.139,,,0.0,,,114.01985,17.871439,,,0.95016545,2020-05-13 18:49:18.960,,,,2020-05-13,18:47:18,2020-05-13,,,,,,,,-21.7642,-43.3503,11401985.0,11401985.0,2013.6833333333334,17.66081373842654,17:39 min/km
,,172449,2020-05-13 18:51:19.536,,,0.0,,,114.01985,25.50808,,,0.6629061,2020-05-13 18:54:11.985,,,,2020-05-13,18:51:19,2020-05-13,,,,,,,,-21.7642,-43.3503,11401985.0,22803970.0,2874.15,25.207452912804218,25:12 min/km
,,286258,2020-05-14 19:05:49.214,,,0.0,,,73.89374,42.342327,,,0.2583697,2020-05-14 19:10:35.472,,,,2020-05-14,19:05:49,2020-05-14,,,,,,,,-21.7642,-43.3503,7389374.0,30193344.0,4770.966666666666,64.56523470955275,64:33 min/km
,,68226,2020-05-17 12:48:08.627,,,0.0,,,283.9395,10.091763,,,4.175581,2020-05-17 12:49:16.853,,,,2020-05-17,12:48:08,2020-05-17,,,,,,,,-21.7642,-43.3503,2839395.0,33032739.0,1137.1,4.004726358960271,4:00 min/km
,,60692,2020-05-19 19:07:04.111,,,0.0,,,249.57837,8.977358,,,4.1596394,2020-05-19 19:08:04.803,,,,2020-05-19,19:07:04,2020-05-19,,,,,,,,-21.7642,-43.3503,24957837.0,57990576.0,1011.5333333333333,4.052968746183146,4:03 min/km
,,2437520,2020-06-04 18:03:56.000,,,3.0443757,152.38275,,5845.6987,399.60992,166.04211,,2.3982158,2020-06-04 18:44:33.000,,,,2020-06-04,18:03:56,2020-06-04,,,,,,,,-21.7642,-43.3503,58456987.0,58456987.0,40625.333333333336,6.949611230105536,6:56 min/km
,,1863000,2020-06-09 07:28:02.000,,,5.0,164.8,,5412.2,0.0,176.0,,2.9050994,2020-06-09 08:01:04.000,,,,2020-06-09,07:28:02,2020-06-09,,,,,,,,-21.7642,-43.3503,54122.0,58511109.0,31050.0,5.737038542552012,5:44 min/km
457.07504,1559.0,1980318,2020-06-09 07:28:00.950,127.485565,188.0,3.0701206,165.1336,76.0,5391.79,457.0,177.7241,,2.7231288,2020-06-09 08:01:05.588,,,,2020-06-09,07:28:00,2020-06-09,,,,,,,,-21.7642,-43.3503,539179.0,59050288.0,33005.3,6.121399386845557,6:07 min/km
,,1859000,2020-06-10 07:42:27.000,,,5.3,166.8,,5459.9,0.0,176.0,,2.937009,2020-06-10 08:17:07.000,19.0,82.0,10.0,2020-06-10,07:42:27,2020-06-10,,,,,19.0,10.0,82.0,-20.719584,-42.038364,54599.0,59104887.0,30983.333333333332,5.674707106967771,5:40 min/km
496.07504,1636.0,2076767,2020-06-10 07:42:26.638,134.63264,176.0,3.3249176,166.80977,73.0,5451.63,496.0,177.92691,,2.6276674,2020-06-10 08:17:08.554,19.0,82.0,10.0,2020-06-10,07:42:26,2020-06-10,,,,,19.0,10.0,82.0,-20.719584,-42.038364,545163.0,59650050.0,34612.78333333333,6.349070522638795,6:20 min/km
,,1904000,2020-06-15 07:40:15.000,,,4.8,165.8,,5422.5,0.0,176.0,,2.8479517,2020-06-15 08:14:31.000,,,,2020-06-15,07:40:15,2020-06-15,,,,,,,,-21.7642,-43.3503,54225.0,1247288.0,31733.333333333332,5.852159213155064,5:51 min/km
485.05627,1598.0,2053900,2020-06-15 07:40:13.933,152.23154,170.0,3.2275467,166.25368,88.0,5420.54,485.0,176.90944,,2.6403058,2020-06-15 08:14:32.792,,,,2020-06-15,07:40:13,2020-06-15,,,,,,,,-21.7642,-43.3503,542054.0,1789342.0,34231.666666666664,6.315176470732927,6:18 min/km
531.11255,1754.0,2130747,2020-06-17 07:43:08.782,161.97606,179.0,3.3011138,171.71257,88.0,6008.94,531.0,180.57587,,2.8250804,2020-06-17 08:18:46.871,,,,2020-06-17,07:43:08,2020-06-17,,,,,,,,-21.7642,-43.3503,600894.0,1197173.0,35512.45,5.909935862231941,5:54 min/km
,,2004000,2020-06-17 07:43:11.000,,,5.2,171.4,,6023.1,0.0,180.0,,3.005539,2020-06-17 08:18:46.000,,,,2020-06-17,07:43:11,2020-06-17,,,,,,,,-21.7642,-43.3503,60231.0,1257404.0,33400.0,5.545317195464129,5:32 min/km
,,1827000,2020-06-18 07:33:32.000,,,5.1,170.4,,5382.9,0.0,180.0,,2.9463053,2020-06-18 08:06:55.000,13.0,96.0,5.0,2020-06-18,07:33:32,2020-06-18,,,,,13.0,5.0,96.0,-20.71974,-42.038467,53829.0,1311233.0,30450.0,5.656802095524718,5:39 min/km
490.20636,1582.0,1992005,2020-06-18 07:33:31.696,127.663086,178.0,3.7011433,170.3724,85.0,5375.38,490.0,180.1769,,2.6984859,2020-06-18 08:06:56.030,13.0,96.0,5.0,2020-06-18,07:33:31,2020-06-18,,,,,13.0,5.0,96.0,-20.71974,-42.038467,537538.0,1848771.0,33200.083333333336,6.176323038247219,6:10 min/km
,,2129000,2020-06-19 07:31:10.000,,,5.1,169.2,,6254.4,0.0,180.0,,2.9377172,2020-06-19 08:09:44.000,,,,2020-06-19,07:31:10,2020-06-19,,,,,,,,-21.7642,-43.3503,62544.0,1911315.0,35483.333333333336,5.673339302464399,5:40 min/km
558.0563,1761.0,2311768,2020-06-19 07:31:08.987,136.45485,182.0,3.4083545,169.24359,79.0,6231.77,558.0,180.2117,,2.7000775,2020-06-19 08:09:45.637,,,,2020-06-19,07:31:08,2020-06-19,,,,,,,,-21.7642,-43.3503,623177.0,2534492.0,38529.46666666667,6.182748507513382,6:10 min/km
14.018762,464.0,546309,2020-06-26 07:40:05.237,121.96336,140.0,2.2066395,10.158168,75.0,228.51,14.0,174.23201,,0.42005888,2020-06-26 07:49:14.238,14.0,88.0,3.0,2020-06-26,07:40:05,2020-06-26,,,,,14.0,3.0,88.0,-21.784649,-43.36162,22851.0,22851.0,9105.15,39.845739792569255,39:50 min/km
,,60000,2020-06-26 07:40:06.000,,,2.6,155.0,,125.2,0.0,174.0,,2.0866666,2020-06-26 07:49:13.000,14.0,88.0,3.0,2020-06-26,07:40:06,2020-06-26,,,,,14.0,3.0,88.0,-21.784649,-43.36162,1252.0,24103.0,1000.0,7.987220447284344,7:59 min/km
572.0563,1762.0,2365375,2020-07-20 07:50:25.848,130.689,182.0,3.5996227,168.56367,82.0,6589.25,572.0,177.88277,,2.7873347,2020-07-20 08:29:56.810,,,,2020-07-20,07:50:25,2020-07-20,,,,,,,,-21.7642,-43.3503,658925.0,658925.0,39422.916666666664,5.982914089868599,5:58 min/km
43.0,1.0,314760,2021-11-22 07:50:01.720,112.0,112.0,2.3611112,108.08235,112.0,484.74,43.0,161.67815,,2.1996355,2021-11-22 07:55:16.480,15.286,97.0,4.8433046,2021-11-22,07:50:01,2021-11-22,433.0,76.0,59.0,86.0,,,,-21.7642,-43.3503,48474.0,48474.0,5246.0,10.822296488839378,10:49 min/km
51.0,,544500,2021-11-22 08:00:49.480,,,2.1111112,92.23141,,660.05,51.0,159.47607,,1.7342123,2021-11-22 08:09:53.980,15.286,97.0,4.8433046,2021-11-22,08:00:49,2021-11-22,433.0,76.0,59.0,86.0,,,,-21.7642,-43.3503,66005.0,114479.0,9075.0,13.748958412241498,13:44 min/km
151.0,,1002180,2022-04-06 07:35:44.700,,,2.7777777,97.58726,,1487.4,151.0,192.14482,,2.0442595,2022-04-06 07:52:26.880,23.0,78.0,4.6102495,2022-04-06,07:35:44,2022-04-06,436.0,68.0,63.0,45.0,23.0,,78.0,-21.783287,-43.365746,14874.0,14874.0,16703.0,11.229662498319215,11:13 min/km
465.24792,1712.0,2430250,2022-04-23 08:45:28.690,165.0,192.0,2.995,160.2946,98.0,6528.66,465.201,170.123,50.02,2.686415,2022-04-23 09:26:01.450,19.0,76.0,10.08,2022-04-23,08:45:28,2022-04-23,573.0,58.0,70.0,59.0,19.0,,76.0,-20.717428,-42.03806,652866.0,652866.0,40504.166666666664,6.204055145568412,6:12 min/km
462.741,986.0,2710040,2022-06-11 09:54:51.280,150.0,186.0,2.799,153.34764,99.0,6316.351,462.567,168.015,50.02,2.3307223,2022-06-11 10:40:10.660,14.736,97.0,5.6233797,2022-06-11,09:54:51,2022-06-11,553.0,65.0,79.0,63.0,,,,-21.7642,-43.3503,6316351.0,6316351.0,45167.333333333336,7.150858673517881,7:09 min/km
203.0,1.0,1502140,2022-06-17 07:42:44.340,88.0,88.0,2.8055556,92.10859,88.0,2060.589,203.0,178.8666,,2.1144977,2022-06-17 08:07:46.480,13.333333333333334,83.33333333333333,4.802999,2022-06-17,07:42:44,2022-06-17,438.0,68.0,65.0,62.0,13.333333333333334,,83.33333333333333,-21.772555666666666,-43.355172333333336,2060589.0,8376940.0,25035.666666666668,12.149762357591285,12:08 min/km
605.2888,391.0,3237940,2022-07-03 09:14:18.690,154.0,171.0,3.313,160.08327,83.0,8316.765,605.224,169.865,49.921,2.5685358,2022-07-03 10:08:20.110,20.0,73.0,7.9526596,2022-07-03,09:14:18,2022-07-03,543.0,66.0,80.0,38.0,20.0,,73.0,-20.718765,-42.038345,8316765.0,8316765.0,53965.666666666664,6.488780994373013,6:29 min/km
58.0,8.0,425880,2022-07-22 07:24:33.580,116.0,121.0,2.7222223,113.553116,109.0,704.84,58.0,175.67119,,2.0134153,2022-07-22 07:31:39.460,12.536,93.0,2.1897945,2022-07-22,07:24:33,2022-07-22,464.0,76.0,66.0,70.0,,,,-21.7642,-43.3503,70484.0,70484.0,7098.0,10.07037058055729,10:04 min/km
66.0,3.0,454560,2022-07-22 07:38:52.600,115.0,120.0,2.6944444,111.404434,111.0,744.49,66.0,173.4195,,1.9794772,2022-07-22 07:46:27.160,12.336,94.0,2.968636,2022-07-22,07:38:52,2022-07-22,464.0,76.0,66.0,70.0,,,,-21.7642,-43.3503,74449.0,144933.0,7576.0,10.1760937017287,10:10 min/km
55.0,2.0,336600,2022-10-04 07:25:56.320,142.0,142.0,2.6944444,103.20856,142.0,525.19,55.0,174.06062,,2.1920865,2022-10-04 07:31:32.920,17.236,99.0,4.198285,2022-10-04,07:25:56,2022-10-04,433.0,70.0,71.0,51.0,,,,-21.7642,-43.3503,52519.0,52519.0,5610.0,10.68184847388564,10:40 min/km
63.0,,314700,2022-10-04 07:33:29.120,,,2.6944444,112.8694,,534.36,63.0,174.2553,,2.0974417,2022-10-04 07:38:43.820,17.286,99.0,2.9024127,2022-10-04,07:33:29,2022-10-04,433.0,70.0,71.0,51.0,,,,-21.7642,-43.3503,53436.0,105955.0,5245.0,9.815480200613818,9:48 min/km
79.0,,386280,2022-10-25 07:25:20.240,,,2.8888888,168.06462,,1012.261,79.0,183.70805,,2.8062227,2022-10-25 07:31:46.520,17.236,97.0,5.4477882,2022-10-25,07:25:20,2022-10-25,480.0,70.0,68.0,48.0,,,,-21.7642,-43.3503,1012261.0,1012261.0,6438.0,6.360019797265725,6:21 min/km
71.0,2.0,325620,2022-10-25 07:36:41.640,198.0,199.0,2.9444444,146.8583,198.0,735.671,71.0,186.35724,,2.3262022,2022-10-25 07:42:07.260,17.185999,98.0,4.3349743,2022-10-25,07:36:41,2022-10-25,480.0,70.0,68.0,48.0,,,,-21.7642,-43.3503,735671.0,1747932.0,5427.0,7.37693887620961,7:22 min/km
49.0,2.0,232500,2022-10-25 07:44:27.060,155.0,157.0,2.8055556,164.3871,153.0,588.062,49.0,180.16524,,2.572413,2022-10-25 07:48:19.560,17.185999,98.0,4.3349743,2022-10-25,07:44:27,2022-10-25,480.0,70.0,68.0,48.0,,,,-21.7642,-43.3503,588062.0,2335994.0,3875.0,6.58944124939207,6:35 min/km
571.8754,1078.0,2994380,2022-11-13 07:35:25.800,158.0,178.0,3.458,162.71645,82.0,7995.436,571.781,180.492,49.621,2.6701474,2022-11-13 08:25:25.250,24.0,79.0,5.3999996,2022-11-13,07:35:25,2022-11-13,541.0,64.0,76.0,54.0,24.0,,79.0,-20.719364,-42.038322,7995436.0,7995436.0,49906.333333333336,6.241852643599841,6:14 min/km
423.52878,603.0,2544320,2023-03-04 10:51:37.710,164.0,178.0,3.002,160.73477,104.0,6505.621,423.398,176.472,49.121,2.5569193,2023-03-04 11:34:09.050,26.0,62.0,9.904906,2023-03-04,10:51:37,2023-03-04,552.0,70.0,76.0,71.0,26.0,,62.0,-21.773748,-43.36758,6505621.0,6505621.0,42405.333333333336,6.518260644653806,6:31 min/km
469.99414,0.0,2760700,2023-03-05 09:39:04.260,,,2.908,161.89372,,7026.98,469.958,174.556,49.121,2.5453618,2023-03-05 10:25:06.900,25.0,67.0,4.0249224,2023-03-05,09:39:04,2023-03-05,,,,,25.0,,67.0,-21.774525,-43.367294,702698.0,7208319.0,46011.666666666664,6.547857922844048,6:32 min/km
367.58694,57.0,2219820,2023-03-11 09:20:47.890,74.0,81.0,3.066,164.08197,70.0,5566.053,367.461,180.937,49.121,2.5074344,2023-03-11 09:57:54.470,22.0,75.0,3.5455887,2023-03-11,09:20:47,2023-03-11,276.5,61.5,42.0,59.5,22.0,,75.0,-21.77506,-43.36712,5566053.0,6268751.0,36997.0,6.646900415788352,6:38 min/km
480.04132,1999.0,2639990,2023-03-19 09:08:03.690,148.0,182.0,3.048,164.86926,97.0,7243.513,480.005,176.028,49.421,2.7437654,2023-03-19 09:52:05.630,23.0,73.0,1.4399999,2023-03-19,09:08:03,2023-03-19,491.0,67.0,70.0,44.0,23.0,,73.0,-21.775656,-43.367817,7243513.0,7243513.0,43999.833333333336,6.074377630485834,6:04 min/km
340.93195,42.0,1833570,2023-05-06 09:41:19.760,153.0,180.0,3.064,160.63942,134.0,4971.986,340.893,176.697,49.421,2.7116423,2023-05-06 10:11:55.420,25.0,63.0,2.9024127,2023-05-06,09:41:19,2023-05-06,491.0,63.0,65.0,36.0,25.0,,63.0,-21.779639,-43.364053,4971986.0,4971986.0,30559.5,6.1463366952360685,6:08 min/km
354.38443,60.0,1933350,2023-08-09 17:14:05.960,111.0,121.0,3.02,163.34169,104.0,5196.558,354.346,174.478,49.421,2.6878517,2023-08-09 17:46:21.380,21.0,70.5,15.580141,2023-08-09,17:14:05,2023-08-09,454.0,75.0,65.0,61.0,21.0,,70.5,-21.7628405,-43.361897,5196558.0,5196558.0,32222.5,6.200739027640989,6:12 min/km
330.03357,1488.0,2432940,2023-08-26 09:39:13.520,143.0,175.0,2.848,159.83131,90.0,3954.096,329.891,175.344,49.421,1.6252337,2023-08-26 10:19:54.140,20.5,71.5,9.0,2023-08-26,09:39:13,2023-08-26,508.0,72.0,73.0,67.0,20.5,,71.5,-21.7808675,-43.3648015,3954096.0,3954096.0,40549.0,10.254935641420946,10:15 min/km
504.97168,1674.0,2743760,2023-09-07 17:06:58.840,149.0,182.0,2.841,166.89507,90.0,7091.247,504.745,179.072,49.421,2.5844998,2023-09-07 17:52:54.810,23.5,70.5,11.457958,2023-09-07,17:06:58,2023-09-07,228.0,63.5,34.0,69.0,23.5,,70.5,-20.7271625,-42.034803,7091247.0,7091247.0,45729.333333333336,6.448701241591688,6:26 min/km
512.89386,2230.0,2622270,2023-10-13 17:29:18.710,150.0,193.0,3.068,167.66782,123.0,7181.478,512.851,176.152,49.921,2.7386494,2023-10-13 18:13:03.290,26.0,76.0,11.200571,2023-10-13,17:29:18,2023-10-13,,,,,26.0,,76.0,-20.720915,-42.0386,7181478.0,7181478.0,43704.5,6.085724971934747,6:05 min/km
,,2400000,2023-10-19 17:00:00.000,,,,,,5000.0,372.0,,,2.0833333,2023-10-19 17:40:00.000,21.6785,75.0,14.830076,2023-10-19,17:00:00,2023-10-19,552.0,62.0,78.0,43.0,,,,-21.7642,-43.3503,50000.0,7231478.0,40000.0,8.0,8:00 min/km
389.622,7.0,2144710,2024-04-13 11:30:25.640,76.0,78.0,2.85,158.5546,74.0,5444.707,389.48,172.708,,2.5386682,2024-04-13 12:06:17.670,23.0,66.0,7.8954163,2024-04-13,11:30:25,2024-04-13,506.0,82.0,74.0,75.0,23.0,,66.0,-21.77724,-43.368122,5444707.0,5444707.0,35745.166666666664,6.565122175842825,6:33 min/km
402.329,,1563261,2024-05-30 16:06:18.136,175.0,194.0,3.999,170.91196,113.0,5071.894,402.329,180.909,43.84,3.244432,2024-05-30 16:32:21.397,20.2785,55.0,12.7279215,2024-05-30,16:06:18,2024-05-30,506.0,84.0,77.0,72.0,,,,-21.7642,-43.3503,5071894.0,5071894.0,26054.35,5.137006017870247,5:08 min/km
416.223,,2511967,2024-07-13 10:12:23.325,158.0,181.0,3.063,163.59291,90.0,6544.712,416.223,174.57,44.35,2.6054132,2024-07-13 10:54:15.292,19.0,81.0,8.0,2024-07-13,10:12:23,2024-07-13,567.0,84.0,81.0,87.0,19.0,8.0,81.0,-21.775345,-43.367455,6544712.0,6544712.0,41866.11666666667,6.396937965592171,6:23 min/km
173.16907,,1668829,2024-11-03 10:07:05.703,119.0,165.0,2.843,131.37357,96.0,3013.412,172.817,170.12,39.8,1.8057046,2024-11-03 10:35:15.517,22.0,80.0,3.0,2024-11-03,10:07:05,2024-11-03,492.0,80.0,83.0,92.0,22.0,3.0,80.0,-21.774473,-43.367313,3013412.0,3013412.0,27813.816666666666,9.230007933421208,9:13 min/km
326.15,,1956220,2024-11-05 17:52:08.362,153.0,170.0,3.11,166.20831,113.0,5366.083,326.15,172.68,40.31,2.7430878,2024-11-05 18:24:44.582,21.9285,85.0,5.495161,2024-11-05,17:52:08,2024-11-05,380.0,71.0,66.0,71.0,,,,-21.7642,-43.3503,5366083.0,8379495.0,32603.666666666668,6.075878190230504,6:04 min/km
331.70782,,2044755,2024-11-06 16:25:05.481,152.0,167.0,3.128,161.88736,114.0,5389.263,330.458,170.644,40.39,2.6356523,2024-11-06 17:00:24.731,29.0,60.0,18.0,2024-11-06,16:25:05,2024-11-06,412.0,84.0,84.0,86.0,29.0,18.0,60.0,-22.948565,-43.180798,5389263.0,13768758.0,34079.25,6.323545538601475,6:19 min/km
446.84732,,2514204,2024-11-30 09:18:58.404,162.0,187.0,3.355,164.85536,118.0,7106.958,446.765,173.323,40.9,2.8267229,2024-11-30 10:00:57.514,26.0,66.0,8.0,2024-11-30,09:18:58,2024-11-30,417.0,65.0,71.0,81.0,26.0,8.0,66.0,-21.776869,-43.36818,7106958.0,7106958.0,41903.4,5.896109136989413,5:53 min/km
,,1260000,2024-12-19 17:53:00.000,,,4.0555553,,,3970.26,253.05,,,3.1510003,2024-12-19 18:14:00.000,23.0,72.0,11.0,2024-12-19,17:53:00,2024-12-19,483.0,82.0,84.0,89.0,23.0,11.0,72.0,-21.776918,-43.368084,397026.0,397026.0,21000.0,5.289326139849783,5:17 min/km
410.1952,,2349318,2024-12-19 17:50:34.828,159.0,196.0,3.27,163.75816,62.0,6565.044,409.775,173.74,41.11,2.7944465,2024-12-19 18:30:09.191,23.0,72.0,11.0,2024-12-19,17:50:34,2024-12-19,483.0,82.0,84.0,89.0,23.0,11.0,72.0,-21.776918,-43.368084,6565044.0,6962070.0,39155.3,5.964209836217397,5:57 min/km
643.6311,,3798552,2024-12-22 09:11:19.044,155.0,198.0,3.259,164.41528,107.0,10256.167,641.931,182.143,41.62,2.70002,2024-12-22 10:16:18.926,24.0,82.0,13.0,2024-12-22,09:11:19,2024-12-22,579.0,77.0,95.0,94.0,24.0,13.0,82.0,-20.72113,-42.038612,10256167.0,17218237.0,63309.2,6.172793403227541,6:10 min/km
379.469,,3275452,2024-12-24 08:33:25.653,126.0,174.0,3.714,137.69702,88.0,6831.12,379.469,187.356,41.72,2.0855503,2024-12-24 09:28:01.105,24.0,86.0,8.0,2024-12-24,08:33:25,2024-12-24,551.0,73.0,73.0,92.0,24.0,8.0,86.0,-20.721127,-42.038612,683112.0,17901349.0,54590.86666666667,7.99149578204843,7:59 min/km
402.812,,2280634,2024-12-27 17:56:31.240,148.0,173.0,3.504,164.29642,82.0,6475.124,402.812,177.333,42.17,2.8391771,2024-12-27 18:34:31.874,24.0285,81.0,11.592894,2024-12-27,17:56:31,2024-12-27,490.0,87.0,86.0,95.0,,,,-21.7642,-43.3503,6475124.0,17414403.0,38010.566666666666,5.870245367759238,5:52 min/km
638.64,,3610924,2024-12-29 09:55:27.987,153.0,185.0,3.582,167.27574,89.0,10194.532,638.64,176.677,42.31,2.8232474,2024-12-29 10:55:38.911,24.0,82.0,8.0,2024-12-29,09:55:27,2024-12-29,548.0,87.0,87.0,97.0,24.0,8.0,82.0,-20.720942,-42.038544,10194532.0,17352768.0,60182.066666666666,5.903367282251571,5:54 min/km
336.968,,2042829,2025-01-10 17:55:17.908,145.0,166.0,3.564,159.86655,105.0,5310.341,336.968,173.668,43.91,2.5995033,2025-01-10 18:29:20.737,26.1785,55.0,13.896187,2025-01-10,17:55:17,2025-01-10,448.0,79.0,73.0,87.0,,,,-21.7642,-43.3503,5310341.0,5310341.0,34047.15,6.41148091996352,6:24 min/km
635.53,,3471619,2025-01-12 08:47:24.599,158.0,183.0,3.881,169.07962,96.0,10027.668,635.53,177.753,44.02,2.8884702,2025-01-12 09:45:16.218,21.0,80.0,6.0,2025-01-12,08:47:24,2025-01-12,281.5,50.5,44.0,50.5,21.0,6.0,80.0,-21.776075,-43.368217,10027668.0,15338009.0,57860.316666666666,5.770067045166101,5:46 min/km
315.473,,1626561,2025-01-20 19:02:22.482,157.0,172.0,3.859,170.08891,100.0,5038.317,315.473,179.722,44.61,3.097527,2025-01-20 19:29:29.043,26.0,74.0,11.0,2025-01-20,19:02:22,2025-01-20,316.5,62.0,50.5,52.0,26.0,11.0,74.0,-20.720922,-42.038475,5038317.0,5038317.0,27109.35,5.380636033818435,5:22 min/km
506.942,,2867892,2025-01-21 16:48:48.974,151.0,171.0,3.387,166.03134,98.0,8008.296,506.942,173.731,44.73,2.792398,2025-01-21 17:36:36.866,33.0,56.0,10.0,2025-01-21,16:48:48,2025-01-21,507.0,84.0,85.0,94.0,33.0,10.0,56.0,-20.721,-42.038395,8008296.0,13046613.0,47798.2,5.968585576756903,5:58 min/km
367.00003,,2036466,2025-01-31 07:19:19.581,149.0,170.0,3.4722223,157.92064,90.0,5841.02,367.0,174.0,,2.868214,2025-01-31 07:53:16.048,20.6285,94.0,3.2399998,2025-01-31,07:19:19,2025-01-31,501.0,84.0,70.0,92.0,,,,-21.7642,-43.3503,584102.0,584102.0,33941.1,5.810817288761209,5:48 min/km
926.68976,,3947546,2025-02-10 07:29:29.276,149.0,176.0,3.488,166.55411,74.0,11023.102,926.297,177.625,45.51,2.7923934,2025-02-10 08:35:37.055,20.0,87.0,6.0,2025-02-10,07:29:29,2025-02-10,493.0,86.0,72.0,94.0,20.0,6.0,87.0,-21.778494,-43.370438,11023102.0,11023102.0,65792.43333333333,5.968595167978426,5:58 min/km
663.323,,2802922,2025-02-12 07:28:12.321,170.0,196.0,3.604,167.78204,113.0,8023.708,663.323,176.878,45.5,2.8626225,2025-02-12 08:14:55.243,21.0,84.0,8.0,2025-02-12,07:28:12,2025-02-12,450.0,95.0,94.0,96.0,21.0,8.0,84.0,-21.777779,-43.370003,8023708.0,19046810.0,46715.36666666667,5.822166841897371,5:49 min/km
429.0,,2156464,2025-02-14 07:18:37.674,141.0,173.0,3.4166667,155.14287,113.0,5556.28,429.0,178.0,,2.5765696,2025-02-14 07:54:34.138,20.6785,90.0,3.096837,2025-02-14,07:18:37,2025-02-14,436.0,76.0,67.0,70.0,,,,-21.7642,-43.3503,555628.0,19602438.0,35941.066666666666,6.468548501275434,6:28 min/km
1008.012,,4263325,2025-02-17 07:22:25.344,151.0,174.0,3.471,168.44598,88.0,12042.008,1008.012,177.476,45.55,2.8245575,2025-02-17 08:33:28.669,21.0,73.0,10.0,2025-02-17,07:22:25,2025-02-17,488.0,88.0,87.0,95.0,21.0,10.0,73.0,-21.78012,-43.370754,12042008.0,20621344.0,71055.41666666667,5.900628588410394,5:54 min/km
1173.4984,,4933098,2025-02-26 07:23:47.900,151.0,174.0,3.572,170.38786,70.0,14038.887,1173.283,178.888,45.38,2.845856,2025-02-26 08:46:12.090,21.0,79.0,8.0,2025-02-26,07:23:47,2025-02-26,460.0,83.0,77.0,93.0,21.0,8.0,79.0,-21.778635,-43.37048,14038887.0,14038887.0,82218.3,5.856468536287813,5:51 min/km
501.738,,1906628,2025-03-06 07:21:32.448,170.0,192.0,4.169,174.0245,125.0,6026.867,501.738,182.565,46.12,3.1610084,2025-03-06 07:53:19.076,19.0,83.0,5.0,2025-03-06,07:21:32,2025-03-06,427.0,85.0,84.0,88.0,19.0,5.0,83.0,-21.779314,-43.370857,6026867.0,6026867.0,31777.133333333335,5.2725791581817445,5:16 min/km
308.795,,2202960,2025-03-07 17:52:18.889,131.0,184.0,2.841,135.0365,91.0,4349.304,308.795,172.516,46.07,1.9743001,2025-03-07 18:29:01.849,21.0,81.0,11.0,2025-03-07,17:52:18,2025-03-07,421.0,86.0,82.0,91.0,21.0,11.0,81.0,-21.777977,-43.370266,4349304.0,10376171.0,36716.0,8.441810459788508,8:26 min/km
1127.371,,4857238,2025-03-08 07:53:29.314,163.0,209.0,3.323,174.39542,117.0,14028.863,1127.371,181.203,46.07,2.888239,2025-03-08 09:14:26.552,20.0,85.0,5.0,2025-03-08,07:53:29,2025-03-08,227.5,61.0,31.0,82.5,20.0,5.0,85.0,-21.775244,-43.386364,14028863.0,24405034.0,80953.96666666666,5.7705294197161,5:46 min/km
591.6633,,2733779,2025-03-12 07:23:46.862,144.0,197.0,3.72,155.23566,102.0,7299.023,591.549,183.153,,2.6699388,2025-03-12 08:09:26.547,20.828499,98.0,1.9386592,2025-03-12,07:23:46,2025-03-12,269.0,61.0,51.0,80.0,,,,-21.7642,-43.3503,7299023.0,31704057.0,45562.98333333333,6.242340013633788,6:14 min/km
316.8379,,2248045,2025-03-13 07:26:56.652,140.0,182.0,3.45,134.59695,78.0,4461.205,316.445,176.293,45.84,1.9844822,2025-03-13 08:04:45.000,22.0,86.0,10.0,2025-03-13,07:26:56,2025-03-13,448.0,87.0,68.0,94.0,22.0,10.0,86.0,-21.77311,-43.36855,4461205.0,30138395.0,37467.416666666664,8.398496968121094,8:23 min/km
871.651,,3611755,2025-03-15 07:41:50.766,156.0,185.0,3.754,173.35063,87.0,10462.706,871.651,183.605,45.83,2.8968482,2025-03-15 08:42:02.521,21.0,90.0,5.0,2025-03-15,07:41:50,2025-03-15,513.0,80.0,82.0,89.0,21.0,5.0,90.0,-21.77595,-43.36801,10462706.0,22222934.0,60195.916666666664,5.7533793520210414,5:45 min/km
830.6,,3245501,2025-03-19 07:25:18.858,160.0,192.0,4.218,176.66302,135.0,10026.524,830.6,185.784,45.85,3.0893612,2025-03-19 08:19:24.359,20.0,92.0,5.0,2025-03-19,07:25:18,2025-03-19,433.0,87.0,75.0,94.0,20.0,5.0,92.0,-21.773178,-43.367676,10026524.0,24950435.0,54091.683333333334,5.3948590092970745,5:23 min/km
1178.801,,4928895,2025-03-22 17:30:26.567,147.0,165.0,3.633,172.63911,103.0,14059.714,1178.801,181.617,45.89,2.8525083,2025-03-22 18:52:35.462,26.828499,61.0,6.8777895,2025-03-22,17:30:26,2025-03-22,532.0,85.0,85.0,96.0,,,,-21.7642,-43.3503,14059714.0,24086238.0,82148.25,5.842810885057832,5:50 min/km
506.23532,,1975776,2025-03-26 07:22:23.182,158.0,185.0,4.044,172.51956,101.0,6115.996,502.574,191.027,45.93,3.0954907,2025-03-26 07:58:28.160,19.0,91.0,5.0,2025-03-26,07:22:23,2025-03-26,218.5,68.0,48.5,63.0,19.0,5.0,91.0,-21.777927,-43.368145,6115996.0,20175710.0,32929.6,5.384176183241454,5:23 min/km
4.676,,27621,2025-03-28 07:23:43.438,113.0,118.0,2.882,145.54143,109.0,81.635,4.676,171.108,,,2025-03-28 07:24:11.059,19.0,88.0,5.0,2025-03-28,07:23:43,2025-03-28,457.0,81.0,82.0,83.0,19.0,5.0,88.0,-21.774971999999998,-43.3674145,81635.0,20257345.0,460.35,5.639125375145465,5:38 min/km
461.05804,16688.0,5429415,2025-03-28 07:24:35.656,158.06831,199.0,3.6633332,100.96564,125.0,15581.98,461.0,179.10446,,2.8701382,2025-03-28 08:55:08.049,19.0,88.0,5.0,2025-03-28,07:24:35,2025-03-28,457.0,81.0,82.0,83.0,19.0,5.0,88.0,-21.774971999999998,-43.3674145,1558198.0,21815543.0,90490.25,5.80736530274073,5:48 min/km
824.27966,,3109282,2025-04-02 07:34:26.566,151.0,182.0,4.216,178.65218,99.0,10055.421,810.218,192.417,45.99,3.234001,2025-04-02 08:38:22.500,20.0,92.0,8.0,2025-04-02,07:34:26,2025-04-02,374.0,80.0,75.0,92.0,20.0,8.0,92.0,-21.775543,-43.367786,10055421.0,11695254.0,51821.36666666667,5.153575038446094,5:09 min/km
413.2287,,1469795,2025-04-07 07:36:58.849,163.0,179.0,4.052,177.94318,104.0,5043.44,413.17,192.654,46.14,3.43139,2025-04-07 08:01:31.662,16.0,87.5,7.0,2025-04-07,07:36:58,2025-04-07,,,,,16.0,7.0,87.5,-21.7757275,-43.369005,504344.0,10559765.0,24496.583333333332,4.857118025263181,4:51 min/km
274.39,,1241290,2025-04-07 08:08:29.368,149.0,158.0,3.082,173.14246,129.0,3284.21,274.39,181.205,46.13,2.645804,2025-04-07 08:29:10.658,16.0,87.5,7.0,2025-04-07,08:08:29,2025-04-07,,,,,16.0,7.0,87.5,-21.7757275,-43.369005,328421.0,10888186.0,20688.166666666668,6.299282526594422,6:17 min/km
1199.412,,4824755,2025-04-09 07:24:03.749,165.0,200.0,3.731,176.26595,122.0,14369.122,1199.412,182.855,46.11,2.9782076,2025-04-09 08:44:28.504,17.0,90.0,8.0,2025-04-09,07:24:03,2025-04-09,326.0,57.0,54.0,87.0,17.0,8.0,90.0,-21.77509,-43.3673,14369122.0,15201887.0,80412.58333333333,5.596207154016323,5:35 min/km
509.085,,2369960,2025-04-21 09:12:09.177,155.0,186.0,3.6,163.16731,105.0,6350.326,509.085,182.287,46.0,2.6795077,2025-04-21 09:51:39.137,18.2785,90.0,2.8116899,2025-04-21,09:12:09,2025-04-21,599.0,79.0,96.0,97.0,,,,-21.7642,-43.3503,6350326.0,6350326.0,39499.333333333336,6.220048125613289,6:13 min/km
334.0,,1423634,2025-04-23 07:21:56.918,142.0,161.0,3.5277777,161.46004,106.0,4152.45,334.0,180.0,,2.9167962,2025-04-23 07:45:40.552,17.0,90.0,8.0,2025-04-23,07:21:56,2025-04-23,83.0,49.0,9.0,33.0,17.0,8.0,90.0,-21.77768,-43.368023,415245.0,6765571.0,23727.233333333334,5.71403227813299,5:42 min/km
846.237,,3427007,2025-04-23 07:45:54.551,160.0,178.0,3.681,175.325,114.0,10032.469,846.237,181.488,46.0,2.9274724,2025-04-23 08:43:01.558,17.0,90.0,8.0,2025-04-23,07:45:54,2025-04-23,83.0,49.0,9.0,33.0,17.0,8.0,90.0,-21.77768,-43.368023,10032469.0,16798040.0,57116.78333333333,5.693193104641872,5:41 min/km
480.427,,1947296,2025-04-27 08:33:13.034,167.0,194.0,3.821,175.50491,118.0,5729.16,480.427,183.874,45.98,2.9421105,2025-04-27 09:05:40.330,19.0,87.0,10.0,2025-04-27,08:33:13,2025-04-27,542.0,85.0,89.0,97.0,19.0,10.0,87.0,-21.773216,-43.369366,572916.0,17370956.0,32454.933333333334,5.664867682755122,5:39 min/km
675.788,,3778085,2025-04-30 07:27:05.141,146.0,167.0,3.464,175.62866,54.0,10578.217,675.788,185.447,46.16,2.7998886,2025-04-30 08:30:03.226,16.0,93.0,6.0,2025-04-30,07:27:05,2025-04-30,459.0,86.0,78.0,91.0,16.0,6.0,93.0,-21.773638,-43.367615,10578217.0,11151133.0,62968.083333333336,5.952617849807139,5:57 min/km
831.226,,3344411,2025-05-02 08:22:31.008,156.0,172.0,3.679,176.15659,86.0,10110.035,831.226,187.829,46.18,3.0229645,2025-05-02 09:18:15.419,19.0,81.0,5.0,2025-05-02,08:22:31,2025-05-02,525.0,88.0,94.0,96.0,19.0,5.0,81.0,-20.719398,-42.038445,10110035.0,21261168.0,55740.183333333334,5.513352162809856,5:30 min/km
408.042,,2873590,2025-05-03 08:55:43.269,129.0,189.0,3.095,142.2541,97.0,5726.878,408.042,185.059,46.11,1.992935,2025-05-03 09:43:36.859,21.0,73.0,2.0,2025-05-03,08:55:43,2025-05-03,588.0,78.0,94.0,98.0,21.0,2.0,73.0,-20.722149,-42.038563,5726878.0,26988046.0,47893.166666666664,8.362875316475515,8:21 min/km
880.619,,3667285,2025-05-08 07:24:14.147,164.0,198.0,3.557,174.81598,106.0,10525.143,880.619,187.093,46.03,2.8700094,2025-05-08 08:25:21.432,16.0,99.0,8.0,2025-05-08,07:24:14,2025-05-08,442.0,87.0,73.0,96.0,16.0,8.0,99.0,-21.775227,-43.367508,10525143.0,26362056.0,61121.416666666664,5.807181590470235,5:48 min/km
666.562,,2636142,2025-05-10 07:30:04.177,168.0,197.0,3.688,176.69002,90.0,8043.96,666.562,184.973,46.02,3.0514135,2025-05-10 08:14:00.319,20.0,82.5,9.0,2025-05-10,07:30:04,2025-05-10,466.0,87.0,87.0,94.0,20.0,9.0,82.5,-21.7764265,-43.367746,804396.0,11329539.0,43935.7,5.461949089751814,5:27 min/km
268.072,,1206672,2025-05-10 08:16:35.405,147.0,161.0,3.094,170.502,102.0,3181.095,268.072,179.069,45.99,2.6362548,2025-05-10 08:36:42.077,20.0,82.5,9.0,2025-05-10,08:16:35,2025-05-10,466.0,87.0,87.0,94.0,20.0,9.0,82.5,-21.7764265,-43.367746,3181095.0,14510634.0,20111.2,6.322099780107165,6:19 min/km
401.68378,,1814045,2025-05-19 06:52:15.263,143.0,162.0,3.511,173.11588,89.0,5061.578,401.592,184.041,46.04,2.7902164,2025-05-19 07:22:34.028,26.0,90.0,5.0,2025-05-19,06:52:15,2025-05-19,155.5,46.0,14.5,57.0,26.0,5.0,90.0,-8.104636,-34.887096,5061578.0,5061578.0,30234.083333333332,5.973252478443151,5:58 min/km
922.82745,,3967673,2025-05-25 10:15:47.919,159.0,196.0,3.478,171.39517,103.0,11115.863,921.087,180.764,45.95,2.8016076,2025-05-25 11:23:25.405,19.0,73.0,3.0,2025-05-25,10:15:47,2025-05-25,513.0,84.0,89.0,95.0,19.0,3.0,73.0,-21.773157,-43.36906,11115863.0,16177441.0,66127.88333333333,5.94896530600758,5:56 min/km
1.675,,22799,2025-05-27 07:27:23.539,95.0,102.0,1.867,94.741,86.0,30.546,1.675,107.119,,1.3397956,2025-05-27 07:27:46.338,16.0,95.0,8.0,2025-05-27,07:27:23,2025-05-27,477.0,84.0,82.0,93.0,16.0,8.0,95.0,-21.776266,-43.368137,30546.0,11146409.0,379.98333333333335,12.439708417905237,12:26 min/km
964.147,,4216625,2025-05-27 07:28:30.400,168.0,199.0,3.4,173.15744,111.0,11644.917,964.147,182.852,45.92,2.7616677,2025-05-27 08:38:47.025,16.0,95.0,8.0,2025-05-27,07:28:30,2025-05-27,477.0,84.0,82.0,93.0,16.0,8.0,95.0,-21.776266,-43.368137,11644917.0,22791326.0,70277.08333333333,6.035000793336125,6:02 min/km
536.771,,2239536,2025-06-04 07:20:53.839,166.0,182.0,3.287,176.58122,129.0,6456.894,536.771,186.078,45.93,2.8831394,2025-06-04 07:58:13.375,15.0,92.0,6.0,2025-06-04,07:20:53,2025-06-04,470.0,80.0,64.0,92.0,15.0,6.0,92.0,-21.774885,-43.370003,6456894.0,6456894.0,37325.6,5.780736062881007,5:46 min/km
1280.919,,5558278,2025-06-07 07:37:49.125,154.0,188.0,3.362,176.00775,94.0,16167.472,1280.919,184.657,45.96,2.9087195,2025-06-07 09:10:27.403,15.0,92.0,3.0,2025-06-07,07:37:49,2025-06-07,483.0,92.0,84.0,94.0,15.0,3.0,92.0,-21.776733,-43.393295,16167472.0,22624366.0,92637.96666666666,5.729898073531017,5:43 min/km
413.849,,1673948,2025-06-11 07:36:21.791,129.0,176.0,3.552,177.38902,89.0,5016.069,413.849,186.632,46.02,2.99655,2025-06-11 08:04:15.739,12.0,94.0,6.0,2025-06-11,07:36:21,2025-06-11,230.0,59.5,39.5,67.0,12.0,6.0,94.0,-21.773289,-43.369267,5016069.0,21183541.0,27899.133333333335,5.561951666401186,5:33 min/km
588.395,,2571863,2025-06-13 16:50:59.880,174.0,200.0,3.497,172.52086,101.0,7109.175,588.395,182.079,45.96,2.7642121,2025-06-13 17:33:51.743,15.0,61.0,10.0,2025-06-13,16:50:59,2025-06-13,531.0,91.0,91.0,95.0,15.0,10.0,61.0,-21.775404,-43.367428,7109175.0,28292716.0,42864.38333333333,6.02944551700209,6:01 min/km
1424.281,,6130615,2025-06-15 15:34:36.566,148.0,161.0,3.268,175.50931,118.0,18034.955,1424.281,181.108,45.98,2.9417856,2025-06-15 17:16:47.181,20.0,44.0,18.0,2025-06-15,15:34:36,2025-06-15,558.0,91.0,95.0,96.0,20.0,18.0,44.0,-21.769796,-43.372395,18034955.0,30160199.0,102176.91666666667,5.665493297136957,5:39 min/km
536.456,,2363772,2025-06-18 07:19:51.455,179.0,200.0,3.26,172.52934,99.0,6516.936,536.456,183.221,45.93,2.7570071,2025-06-18 07:59:15.227,11.028501,94.0,3.319036,2025-06-18,07:19:51,2025-06-18,378.0,76.0,58.0,89.0,,,,-21.7642,-43.3503,6516936.0,31661066.0,39396.2,6.045202837652541,6:02 min/km
1280.469,,7025916,2025-06-21 07:24:30.687,164.0,176.0,3.631,173.63998,114.0,21272.137,1280.469,181.971,46.16,3.0276673,2025-06-21 09:21:36.603,21.0,75.0,11.0,2025-06-21,07:24:30,2025-06-21,514.0,75.0,92.0,94.0,21.0,11.0,75.0,-22.986258,-43.215305,21272137.0,45824028.0,117098.6,5.504787788833816,5:30 min/km
399.6532,,1790342,2025-06-28 09:12:17.750,161.0,193.0,3.629,166.66089,109.0,5045.426,399.54,185.127,46.73,2.818135,2025-06-28 09:42:13.933,17.0,88.0,5.0,2025-06-28,09:12:17,2025-06-28,548.0,92.0,94.0,97.0,17.0,5.0,88.0,-21.773806,-43.37035,5045426.0,5045426.0,29839.033333333333,5.914076102460591,5:54 min/km
227.03876,7000.0,2297560,2025-07-02 07:24:02.706,166.42615,206.0,4.3366666,96.36342,104.0,7565.03,227.0,173.73318,,3.2934391,2025-07-02 08:02:22.805,14.1285,94.0,4.68,2025-07-02,07:24:02,2025-07-02,457.0,76.0,58.0,94.0,,,,-21.7642,-43.3503,756503.0,5801929.0,38292.666666666664,5.061799710862569,5:03 min/km
916.989,,3663717,2025-07-06 08:36:51.314,161.0,190.0,3.761,178.35985,87.0,11285.275,916.989,187.462,46.83,3.0802803,2025-07-06 09:37:55.031,16.0,78.0,2.0,2025-07-06,08:36:51,2025-07-06,,,,,16.0,2.0,78.0,-20.71856,-42.03822,11285275.0,12041778.0,61061.95,5.410763140464011,5:24 min/km
702.9172,,2752245,2025-07-09 07:31:23.055,181.0,204.0,3.896,178.00014,106.0,8517.041,702.861,186.745,46.79,3.0945795,2025-07-09 08:17:18.197,11.0,89.0,5.0,2025-07-09,07:31:23,2025-07-09,468.0,79.0,66.0,91.0,11.0,5.0,89.0,-21.773468,-43.367558,8517041.0,19802316.0,45870.75,5.385761322506256,5:23 min/km
707.408,,3013694,2025-07-11 07:24:25.730,143.0,166.0,3.516,172.413,80.0,8581.399,707.408,183.148,46.77,2.8474686,2025-07-11 08:14:39.424,12.0,91.0,5.0,2025-07-11,07:24:25,2025-07-11,412.0,74.0,77.0,84.0,12.0,5.0,91.0,-21.776617,-43.36798,8581399.0,28383715.0,50228.23333333333,5.853152071513437,5:51 min/km
674.414,,2811292,2025-07-23 07:36:13.324,161.0,201.0,3.427,175.1579,120.0,8238.515,674.414,182.994,46.63,2.9305084,2025-07-23 08:23:04.616,14.0,84.0,5.0,2025-07-23,07:36:13,2025-07-23,538.0,93.0,94.0,96.0,14.0,5.0,84.0,-21.773201,-43.36912,8238515.0,8238515.0,46854.86666666667,5.687295182040291,5:41 min/km
364.919,,2508986,2025-07-26 11:03:09.455,124.0,167.0,3.284,139.39496,106.0,5032.352,364.919,178.874,46.53,2.0057313,2025-07-26 11:44:58.441,18.0,73.0,10.0,2025-07-26,11:03:09,2025-07-26,299.0,51.0,45.5,48.5,18.0,10.0,73.0,-21.77503,-43.37014,5032352.0,13270867.0,41816.433333333334,8.309520743646974,8:18 min/km
439.178,,2028895,2025-08-03 17:16:53.415,163.0,201.0,3.302,165.66652,106.0,5453.06,439.178,176.34,46.24,2.6876996,2025-08-03 17:50:42.310,20.0,43.0,11.0,2025-08-03,17:16:53,2025-08-03,515.0,82.0,91.0,95.0,20.0,11.0,43.0,-21.773409,-43.367554,545306.0,545306.0,33814.916666666664,6.201090152440402,6:12 min/km
